/*
Navicat MySQL Data Transfer

Source Server         : myaql
Source Server Version : 50623
Source Host           : localhost:3306
Source Database       : trainset

Target Server Type    : MYSQL
Target Server Version : 50623
File Encoding         : 65001

Date: 2015-07-15 21:23:20
*/

SET FOREIGN_KEY_CHECKS=0;

-- ----------------------------
-- Table structure for list
-- ----------------------------
DROP TABLE IF EXISTS `list`;
CREATE TABLE `list` (
  `id` varchar(15) NOT NULL,
  `type` varchar(15) DEFAULT NULL
) ENGINE=InnoDB DEFAULT CHARSET=utf8;

-- ----------------------------
-- Records of list
-- ----------------------------
INSERT INTO `list` VALUES ('c00008', 'businise');
INSERT INTO `list` VALUES ('c00009', 'PE');
INSERT INTO `list` VALUES ('c00010', 'health');
INSERT INTO `list` VALUES ('c00011', 'travel');

-- ----------------------------
-- Table structure for sample
-- ----------------------------
DROP TABLE IF EXISTS `sample`;
CREATE TABLE `sample` (
  `id` varchar(15) NOT NULL,
  `name` varchar(15) NOT NULL,
  `content` varchar(6533) DEFAULT NULL,
  PRIMARY KEY (`id`,`name`)
) ENGINE=InnoDB DEFAULT CHARSET=utf8;

-- ----------------------------
-- Records of sample
-- ----------------------------
INSERT INTO `sample` VALUES ('c00008', '10.txt', '　　本报记者陈雪频实习记者唐翔发自上海\r\n　　一家刚刚成立两年的网络支付公司，它的目标是成为市值100亿美元的上市公司。\r\n　　这家公司叫做快钱，说这句话的是快钱的CEO关国光。他之前曾任网易的高级副总裁，负责过网易的上市工作。对于为什么选择第三方支付作为创业方向，他曾经对媒体这样说：“我能看到这个胡同对面是什么，别人只能看到这个胡同。”自信与狂妄只有一步之遥——这几乎是所有创业者的共同特征，是自信还是狂妄也许需要留待时间来考证。\r\n　　对于市值100亿美元的上市公司，他是这样算这笔账的，“百度上市时广告客户数量只有4万,而且它所做的只是把客户吸引过来，就可以支撑起现有的庞大市值；而我们几年后的客户数量是几千万，而且这些客户都是能直接带来利润的，说市值100亿美元一点都不夸张。”\r\n　　这家公司2005年年底注册用户达到400万，计划今年注册用户突破1000万，号称是国内最大的第三方网络支付平台。“在美国跟支付相关的收入已经超过了所有商业银行本身利差收入的总和，我所查到的数据是3000亿美元，其中超过70％是个人消费者带来的收入。”关国光喜欢借用美国支付产业的现状与中国的情况进行比较。虽然美国和中国差异显著，但他坚信中国的第三方支付市场前景非常广阔。\r\n　　便利和安全挑战网络支付\r\n　　“你只需要一个手机号码或者一个邮件地址就可以网络支付。”在快钱的户外广告中这样写道，这和传统的需要银行账户才能进行网络支付的习惯形成了鲜明的对比。\r\n　　然而这种支付模式和传统的网络支付并无本质的区别，因为每一个手机号码和邮件地址背后都会对应着一个账户——这个账户可以是信用卡账户、借记卡账户，也包括邮局汇款、手机代收、电话代收、预付费卡和点卡等多种形式。\r\n　　“快钱的功能其实就相当于融合了很多交易工具的VISA卡，所以又被称为网络VISA。”关国光说，“从本质上讲，我们和VISA等采用的底层技术是没有差别的，我们和它的区别在于VISA卡面对的交易工具比较单一，而快钱面对的是多种分散的交易工具。”\r\n　　因为“信用缺位”，网络支付一直是困扰中国电子商务发展的瓶颈之一。网络支付平台相当于“信用缺位”条件下的“补位产物”，它把众多的银行卡整合到一个页面端口，以支付公司作为信用中介，在买家确认收到商品前，代替买卖双方暂时保管货款。\r\n　　目前最知名的网络支付平台包括阿里巴巴的支付宝和eBay的Paypal（贝宝）。关国光表示，快钱最大的特点是第三方的支付平台，主要客户为那些中小公司。这些网络支付平台的主要业务是针对母公司的，不太可能被其母公司同行使用。\r\n　　“而用户可以选择使用从银行卡、邮政汇款到点卡、预付费卡的各种支付方式，快钱平台对人口和支付工具的覆盖都非常广泛，这是我们创新的地方。”关国光告诉《第一财经日报》。\r\n　　交易的安全性是网上支付平台最大的问题。关国光说：“快钱采用了各种机制来保证用户资金的安全性，例如回款机制等，可以在用户付款过程由于各种意外因素中止或未完成时，系统将用户账户自动回复到交易开始时的原始状态。”除此之外，快钱也建立了一系列监控机制，有问题的交易系统会被强制暂停两天以供审查。内部财务方面则遵守相互监督的原则，不会让任何一个人参与主导交易全程。在交易的识别方面，快钱有一套交易过滤引擎，可以识别出较明显的问题交易行为。\r\n　　增值服务：网络支付的撒手锏\r\n　　在关国光看来，快钱平台可以提供详细的用户行为记录，进而方便商户掌握用户的喜好和需要。这种增值服务对于支付平台至关重要。\r\n　　在市场推广方面，快钱公司市场推广的目标就是让用户知道快钱这个品牌，然后将精力集中在核心应用上。“快钱的策略就是同主流应用相捆绑，致力同大厂商合作，因为目前大型门户所掌握的用户资源是相当多的。”\r\n　　“我们不必去强迫用户使用快钱，因为网络支付只是交易过程中的一个附加品，单推一个支付平台是没有效果的。”关国光表示，“快钱的策略就是要找准交易，捆绑和依托在上面，用户在进行电子交易时，自然而然就会用到我们的支付平台。”\r\n　　除此之外，快钱的策略是先稳定一批活跃用户后，再将目光放到普通用户上。关国光把快钱的营销模式称为非线型营销，“一个注册用户在支付交易中往往会带入一个未注册用户，用户之间的互动会形成网络效应。”\r\n　　从创业开始，快钱的商业模式就没有变化过。“快钱的后端绝不做应用。”关国光信誓旦旦地表示。他认为一旦快钱做了应用，将面临更多的竞争对手，同时也违背了自己独立的第三方支付平台的市场定位。\r\n　　快钱未来的梦想是：首先，将所有的支付工具整合为一个接口，随着流量的增加，给商户带来的价值是一样的，但成本更低。其次，快钱拥有用户的详细数据资料，可以实现数据库营销，为客户提供增值服务，例如支持客户的促销、推广等，或者为客户创造商业机会。\r\n　　2005年8月，快钱公司获得美国DCM和半岛基金的首批风险投资，第二轮目前还在评估之中。关国光表示，对快钱来说，融资是一件水到渠成的事情，是最后考虑的问题。快钱挑选风投的条件只有两个，一是必须在中国有过投资；二是在中国的投资必须取得过成功。\r\n　　“电子支付行业是一个入行容易、生存难的行业，”关国光说，“任何企业要在这个领域取得成功，就必须脚踏实地地认真去做，绝不能抱着投机的心理。”');
INSERT INTO `sample` VALUES ('c00008', '11.txt', '　　焦点个股：苏宁电器（002024），该股早市涨停开盘，其后虽在获利盘的抛压下略有回落但在强大买盘的推动下该股已经再次封于涨停，可见主力资金积极拉升的意愿相当强烈。\r\n　　盘面解析：1.技术层面上，早市指数小幅探低后迅速回升，在中石化强势上扬的带动下指数已经成功翻红，多头实力之强令人瞠目结舌。不过在市场高度繁荣的情形下投资者也需谨慎操作，必竟持续的上攻已经消耗了大量的多头动能。\r\n　　2.盘中热点来看，相比周二略有退温。但依然可以看到目前热点效应向外扩散的迹象相当明显。高度活跌的板块已经从前期的有色金属、金融地产股向外扩大至军工概念、航天航空等。\r\n　　操作思路：短线依然需规避一下技术性回调风险，盘中切记不可追高。');
INSERT INTO `sample` VALUES ('c00008', '12.txt', '　　智威汤逊全球CEO：大众传媒依然是品牌传播的好选择\r\n　　本报记者康健发自上海\r\n　　“想让品牌更快、更广地进入消费者，大众传媒仍然是很好的选择。”智威汤逊全球CEO Michael Maedel近日在上海的办公室告诉《第一财经(相关:理财 证券)日报》。他对有些人“电视、平面媒体失去意义”的观点不以为然。\r\n　　智威汤逊是美国最大的广告公司之一，与奥美广告一起隶属于WPP集团，3月底刚刚收购了中国本土的上海奥维思市场营销服务公司。\r\n　　大众媒体和互动媒体对半\r\n　　针对新的媒体方式日益涌现，企业广告主投放广告越来越无所适从的情景，Michael认为，广告主应该进行定性定量的分析，使任何投放都有清晰的出发点：消费者。要让媒介触及消费者，使他们更愿意来倾听公司。\r\n　　当然，在媒介越来越多的情形下，意味着传播方式的变化。过去主流的是大众传播，现在互动性和定制性带来了新的挑战——如何让品牌与消费者更加互动。\r\n　　智威汤逊东北亚区域总监兼大中国区CEO唐锐涛则认为，中国面临两个挑战：品牌主张明确化和如何深化与消费者的关系。\r\n　　他认为，大众品牌并未失去其价值，借助大众媒体可以清楚地传达品牌的真实含义。而在此基础上，还需要更新的形式使产品和消费者的关系进一步深化。通过互动媒体，可以将以往被动的关系变成主动对话的消费者关系。\r\n　　唐锐涛的经验法则是，在进行投放的时候，大众媒体和新媒体“对半开”，前者致力于建立品牌，后者用于深化与消费者关系。\r\n　　同时，产品根据消费者参与的程度也分为高消费者参与度产品和低消费者参与度产品。使用媒介取决于产品本身的复杂度。如饼干等不假思索就购买的产品，大众媒体作用比较大。汽车等奢侈品需要增加对话和互动，让消费者深入这个品牌。\r\n　　全球品牌，本土特色\r\n　　Michael特别强调品牌的全球定位和本地表述。他提到，即便广告主是洗衣机，在各个市场，洗衣机的价格跟消费者的工资比例不一样，有些市场用2天的工资就可以买一台，而有些市场，消费者需要用自己三个月的工资才能购买到。这样的情况下，消费者的参与度就完全不一样了。那些用三个月工资才能买得起洗衣机的人会花更多时间去了解产品的性能是否耐用，这跟成熟市场完全不同。\r\n　　“本地化并不意味着把全球广告翻译成中文，这是一种拙劣的方式。”Michael 称。');
INSERT INTO `sample` VALUES ('c00008', '13.txt', '　　　新华网上海5月10日电 中国石化集团上海工程有限公司最近与中石化第二建设公司、荷兰AK公司组成联合体，一举成为沙特延布年产40万吨聚乙烯和40万吨聚丙烯生产装置项目的总承包商，总承包金额7.5亿美元，其中上海工程公司承包金额4.65亿美元。\r\n　　 据《解放日报》报道，目前，沙特石化项目的基础设计工作已接近尾声，其中上海工程公司派出20多人赴荷兰参与设计。项目详细设计工作将于年底结束。明年年初施工开始，直至2008年4月竣工。这期间，大批中国设备、材料将运往红海岸边，四五百名中国技术、管理和施工人员将奋战在异国土地上。\r\n　　两年前，上海工程公司得知沙特基础工业公司决定在红海西岸的延布建设大型石化联合企业，而AK公司正参与其中部分装置的竞标。权衡利弊，上海工程公司决定放弃单打独斗而与AK公司携手，提出三方组成联合体参与竞标的设想。中外三方过去在其他项目上多次合作，相互知根知底，因此一拍即合，很快签订合作协议参与竞标。如此优势互补，果然在竞标时将所有对手远远地抛在了身后。\r\n　　根据总承包合同，荷兰AK公司负责项目基础设计，上海工程公司派人参与；项目详细设计由上海工程公司负责完成，AK公司给予支持。项目主要设备、仪表、主要电气设备，由AK公司负责采购，其余设备和大宗材料由上海工程公司负责采购，项目施工由第二建设公司负责实施。\r\n　　上海工程公司是一家具有a53年历史的国内大型工程设计承包企业，先后成功完成了上海化工区总体规划设计，上海石化、扬子石化、杜邦纤维等国内外4000多项设计和承包工程。');
INSERT INTO `sample` VALUES ('c00008', '14.txt', '　　根据艾瑞市场咨询有限公司发布的2005年《中国网上支付研究》报告，中国网上支付的市场规模在2001 年为9 亿元，2004 年就达到了75亿元，年均复合增长率为102.7%。艾瑞预测2007年我国网上支付市场规模将达到人民币605亿元。\r\n　　应该说在超过4亿个手机用户和1亿多网民支撑下，网上支付市场的想象空间无疑是巨大的。\r\n　　对此，北京YeePay公司首席执行官唐彬甚至认为，支付需求现在已经是国内未被满足的最大需求。但2005年以前，作为结算支付主体的商业银行在面对大量低端商户支付业务时显然是一种不在乎、视而不见的态度。在这种情况下，商业银行选择向支付公司提供支付网关接口，将网上支付业务外包给支付公司，正如eNet硅谷动力商务运营部总监张磊所说的那样，支付公司成为商业银行支付业务的总代理商。\r\n　　面对网上支付公司的崛起，商业银行开始觉醒起来，采取措施应对威胁；另一方面，网上支付公司也暴露出它监管上的弊病。原6688商城拖欠挪用商户结算款就是明例。\r\n　　这个时候传出央行要在2006年出台《电子支付指引（第二号）》文件，即《支付清算组织管理办法》的消息，主要内容被认为是“关系到第三方支付公司的牌照发放”，据了解，在电子支付领域，牌照数量不会超过10张；对于清算体系，央行的原则是“以央行作为主导，商业银行作为主体，社会组织作为补充”，而以快钱公司为代表的第三方支付公司就属于“社会组织”。另一家第三方支付商好购公司总经理何明攀在接受《第一财经(相关:理财 证券)日报》采访时表示央行之所以要出台管理办法就是为了防止网上金融欺诈和无序竞争，规范网上支付市场。\r\n　　易观国际认为，随着今年底金融业全面开放的大限临近，中国第三方支付市场的重组与洗牌将在所难免，在目前国内40家左右的第三方支付服务商中，至少有一半会出局。');
INSERT INTO `sample` VALUES ('c00008', '15.txt', '　　本报讯 （记者李英辉）已经退出北京市场两年多的车贷险业务重现市场。记者昨天获悉，安邦财险将在本月启动车贷险业务。\r\n　　购买车贷险后，一旦贷款人不能还贷款，保险公司要负责赔偿银行贷款。该险种面市后，曾极大地促进了银行车贷业务的发展。由于车贷险的赔付率竟然超过100%，保险公司不堪重负，两年前全面退出市场。\r\n　　新车贷险做了重大调整。原来只要被保险人逾期还款，保险公司就须代其还款。新条款中，保险公司的履约责任由第一位降到第二位，如出现被保险人逾期还款的现象，先由银行和汽车公司追偿，然后进入保险公司赔偿程序。');
INSERT INTO `sample` VALUES ('c00008', '16.txt', '　　　本报北京５月９日讯 记者潘跃今天从中国红十字会总会举办的“博爱论坛”上获悉：目前，全国已有６４１个县（市、区）开展试点工作，有１．６３亿农民参加了合作医疗。试点地区农民的医疗负担有所减轻，因病致贫、因病返贫的情况有所缓解。\r\n　　据有关资料显示，我国医疗资源分配极不均衡，占全国人口２０％的城市人口占有我国卫生资源的８０％，而占全国人口８０％的农村人口仅占有２０％的卫生资源。近年来，由于医疗服务保障的城乡差异，大城市的人均寿命比农村高１２年，而贫困地区儿童死亡率则是大城市的９倍。');
INSERT INTO `sample` VALUES ('c00008', '17.txt', '设想一下，如果某家银行花了大力气进行品牌建设，可顾客每每面对的是铁栅栏后面一张冷冰冰的脸，敷衍推诿，甚至恶语相向，他们自然很难相信这家银行所作的品牌承诺，也会动摇对银行的信任\r\n　　本报记者范松璐发自上海\r\n　　在一个金融服务品牌提升研讨会上，扬特品牌欧洲的董事长TerryTyrrell饶有兴趣地展示了一些别出心裁的银行标志，从图案的设计中很容易发现为人们所熟悉的知名公司品牌的影子，比如麦当劳那个醒目的“m”和苹果电脑缺了口的苹果，而类似可口可乐的标志下，索性写着“CocaCash”，看到这些易于识别和引发联想的标志，台下观众发出一阵阵会心的笑声。\r\n　　“当然，这些银行标志只是我的想象，不过，目前在金融服务业领域，有没有像这几家企业那样影响深远的品牌呢？恐怕还没有。”Terry说。在激烈的竞争环境中，弱势品牌可能会被猎食，不过，只知道掏钱购买弱势品牌、而并不能建立一个强大品牌的猎食者也未必能得到良好的投资回报。对现有的银行而言，建立自身的强势品牌适逢其时，而且相当重要。\r\n　　应求与众不同\r\n　　国内金融服务业暗流汹涌。2006年是中国进入WTO,承诺开放金融市场的关键一年，外资银行即将进入，竞争格局正发生变化，市场内部也萌生诸多影响零售银行业务成长的因素——高强度的经济发展、政府收缩对社会福利的补助、房屋私有率提高、人口日益老龄化、个人消费成为经济发展的关键动力，而且企业银行业务要利用总体性平衡来管理中小型企业贷款、开发收费产品。\r\n　　讲到银行现存的症结，人们的第一反应往往是不良贷款比率偏高、风险评估实战经验不足、消费性金融产品缺失、企业管理标准不够完备等等。但另一方面，不容忽视的是，国内银行的品牌建设也存在某种滞后——鲜有差异化的品牌定位、品牌经营思维和以客户为本的鲜明形象，顾客感受到的环境和服务面目雷同，甚至干脆一模一样。扬特中国区创意总监黄鼎杰展示了一页图片，是某家知名商业银行的营业厅，“能看出来这是哪一家银行吗？”的确，对多数人来说，只能感觉似曾相识，却基本无从分辨究竟是哪一家。\r\n　　再看银行的图标，如果把具体的图案及字体隐去，会发现图标的颜色和形状极其接近，比如四大国有商业银行的图标都是圆形图案加上银行名字。“圆形，应该是钱币的意思，不过是否可以改换一下视觉形象，让自己更醒目些，区分性会带来更多机会。”黄鼎杰还展示了某家美国银行的营业厅照片，乍一看去，难以想象这居然会是银行，而更像一家前卫酒吧——设计活泼明快，各种独特有趣的细节点缀夺人眼球，还有咖啡台和上网的电脑，“在这样的银行里，等待也似乎不那么让人心焦了——不过这种风格在国内还是有些超前，可能很多人会不放心把钱放进去。”黄鼎杰觉得，毕竟大多数顾客对银行的期望还是以“专业、安全、权威”为主，在此基础上，如果适当加入更多“友善、亲切”的元素，会进一步提升银行在顾客心中的形象。比如在香港，大多数银行的保安并不穿制服，这些细节往往能拉近顾客的心理距离。\r\n　　对银行来说，通过识别系统、广告活动等方式来建立品牌构造是远远不够的，必须有更高标准，还要更多地从感情上联结顾客，建立强烈的认同感。银行业正在掀起一场争取客户心智的战役。\r\n　　别让冰山倾覆\r\n　　Terry展示了一幅冰山的图片，在他看来，人们从外面感受一家企业，就如同看到露出海面的冰山，其中包括品牌的定位、个性、表述等方面，而水面以下深藏不露的更大部分则是企业自身对内的战略、愿景、价值和激励，这些是令品牌长久保持活力的源泉，作用更为关键，正所谓“吸引人的真实”（com p e llin g tru th）。露出水面的冰山可以吸引外界注意，但倘若缺少真实的根基，冰山终究难逃倾覆的命运。\r\n　　很多企业在努力建立和管理品牌的时候，不觉间会犯一个错误，只把注意力聚焦在顾客身上，而忽略了对员工的沟通、了解和重视。\r\n　　“如果不能把员工培养成忠实的内部品牌拥护者，那就太可惜了。”扬特中国区董事总经理Debora Chatwin 认为，前线员工应该成为真正的品牌大使，发挥独特能力，和顾客建立良好关系，给公司带来利润，自己也得到更大的满足。\r\n　　员工投入度对公司的回报影响不可忽视，《星期日泰晤士报》在2002年一项“最佳雇主”调查中也指出，获得雇员好评的公司股价和股息收益增幅达25％，远高于同期英国全股指数6.3%的上涨幅度。再回到国内，盖勒普2004年进行了一项调查，将工作的人们分为“投入型”、“不投入型”、“积极投入型”三种类型，结果显示，有68%的人属于“不投入型”，对工作没有激情，觉得工作与自己个人关系不大，工作时几乎形同梦游。粗暴、冷漠、不满足的员工会伤及客户和公司自身，身处服务业的银行更是如此。\r\n　　设想一下，如果某家银行花了大力气进行品牌建设，可顾客每每面对的是铁栅栏后面一张冷冰冰的脸，敷衍推诿，甚至恶语相向，他们自然很难相信这家银行所作的品牌承诺，也会动摇对银行的信任。许多国有商业银行在此方面可能需要多一些反思。“领导层的重视是使得员工与品牌紧密联结在一起的重要因素。”Terry表示。');
INSERT INTO `sample` VALUES ('c00008', '18.txt', '\r\n　　如果你周围的不少人都晋升了，那就该好好反省自己了。看看以下种种晋升“绝症”，是否有自己的身影呢？\r\n　　职位成功晋级，事业更上层楼，这是不少经理人的职业目标。然而，很多经理人努力打拼却依旧还在原地徘徊。\r\n　　在竞争社会，当你不能升职的时候，要先考虑是企业体制的问题，还是你自己的问题。如果是体制问题，你可能根本就没有机会，完全可以选择主动离开。如果你周围的不少人都晋升了，那就该好好反省自己了。看看以下种种晋升“绝症”，是否有自己的身影呢？\r\n　　失语症——上司换了8个，我还是当绿叶\r\n　　邓珉在一家知名房地产物业公司做行政人事主管，从2001年到现在，公司先后换了两任老总，换了8个项目经理，每个项目经理升职调走了，而她却一直在原地不动。让邓珉困惑的是，她要不停地适应新领导的管理风格，而且自己的发展空间有限。物业公司的行政人事工作并不复杂，她只要用30％的精力就足够应付得了。公司也一直认为邓珉是个老同志，比较稳定塌实，哪里需要就让邓珉过去。\r\n　　“失语”诊断：邓珉一直在做默默无闻的“失语”绿叶，整整陪衬了8位上司。行政支持工作并不是最“抢眼”的红花，企业很容易把你定性。虽然你在公司给大家留下了不错的印象，但企业往往是哪里需要你，就把你往哪里搬。\r\n　　药方：生意就是生意，经理人要更多地考虑自身的利益，衡量自己的投入和产出，千万别做赔本的买卖。想要晋升，就要勇于表现出来，要捅破这层窗户纸。第一，想要。第二，要做。第三，要让老板知道。一定要向老板提出你的想法，你可以结合企业的资源和现状来分析，要让老板意识到，你的确想要承担更大的责任。另外，表明你现有工作做得不错，你也有这样的能力。在企业环境相对稳定时，企业在重用一个人的时候，看重的不是能力，而是信任。这方面你有优势。\r\n　　自闭症——就盯着自己的一亩三分地\r\n　　一年前，业绩出色的路平被破格提升为企划经理，但他还是走业务路线，手底下没兵，只有一个助理协助他。他一直对市场企划总监这个职位心仪已久，没想到最后却被能力、业绩远不如自己的同事PK下来。\r\n　　原来，一向喜欢单打独斗的路平总是有点各色，他只愿意盯准自己那一亩三分地。例会时，部门讨论其他市场活动方案，他总是一言不发。等到询问起他的意见时，他便说，“不好意思，我没来得及看。”平日的团队活动或是聚会，也难见他的身影。老板用人所长，结果导向，对路平也是睁一只眼闭一只眼。但同事们不免背后嘀咕，说路平小农意识。\r\n　　“自闭”诊断：各色的路平眼里只有自己那一摊。在结果导向、业绩为王的公司，这样也许没错。但在晋升路上，过分的“自闭”会让上司有所顾虑，同事的反作用力也会断送你的晋升良机。\r\n　　药方：职场中人人都是生意伙伴，上司、同事都是价值链上的客户和资源。只盘算着自己的眼前利益，往往会失去更多“商机”。路平要积极和同事们主动交往，能者多劳，既然你点子多，不妨多给同事们出一些好创意，而你在支持同事的同时，不仅获得了一个好人缘，进而也熟悉其他业务线，增强了自身的实力。如果其他业务线你也能轻松玩转的话，上司一定会给你更多机会的。\r\n　　狂妄症——“我就愿意让别人听我的”\r\n　　安妮是一家呼叫中心项目部的客服经理，她刚上任不久，就引起了下属的极度不满，而且被投诉到公司总部。\r\n　　原来，安妮个性强势，上任后就进行了一系列改革，重新排班，规范服务，整顿流程等等。改革取得了一定成效，以前忙乱的客服工作逐渐变得有序，但安妮自己却引起了一片倒伐之声。当下属在外面忙得团团转时，她却在自己的单间里会客聊天，而且经常不来上班。而自由散漫的安妮对下属却是实施高压手段，用她的话来说，“我就愿意管人，让别人听我的。”她安排自己的亲信任职，监视其他下属言行，搞得员工怨声载道。几个月后，项目高管调整，其他几个项目的中层都获得了提升，惟独安妮没有新的发展空间，最终辞职而去。\r\n　　“狂妄”诊断：安妮有着强烈的领导欲望，管理风格泼辣强悍，但她却忽略了接受方的感受。改革虽然初见成效，但她自己却难为表率，严人宽己的领导风格必然难以服众。\r\n　　药方：狂妄的强权不是万灵药，身为管理者，安妮既是规则的制定者，也是规则的裁判，如果自己都处处破坏规则，一时的业绩也只能是短期效应。而下属员工是经理的供应商，水能载舟，也能覆舟，业绩是需要大家一起努力做出来的。安妮如果早些努力调试自己，采取一些柔性管理手段，避免激进改革，以身作则让员工口服心服，也不至于在项目调整时弄得丢盔卸甲。\r\n　　多动症——不开心就跳，越跳越迷茫\r\n　　30出头的汪力已经换了6家企业，现在一家IT企业任数码产品经理。年轻时为了薪水而跳，把跳槽当成涨薪的跳板，往往是这家企业还没彻底了断，就已经在下家开始领薪水。近一年来，汪力倒还算得上稳定，一直没什么非分之想。但上个月，公司的产品总监换成了一个台湾老板，对汪力似乎有些看不顺眼，重要业务会议不让他参加，一些产品的推广预算也卡得很紧。汪力感觉自己不被信任，正逐渐被边缘化，他又动了大不了走人的念头。\r\n　　汪力把自己的简历给了一家猎头，没想到猎头却称，他跳槽频率过快，如果要晋升高职，希望并不大。如果平级跳，汪力又不甘心。\r\n　　“多动”诊断：通常，猎头非常不喜欢频繁跳槽的人，因为频繁跳槽说明此人目标不清晰，对公司的忠诚度值得怀疑。汪力一直对自己期望较高，如果现实稍不如意，便有“弃暗投明”的念头。但频频转换，跳成了习惯，在每一个职位上都不能积累较多的资本，更谈不上为晋升打下坚实根基了。\r\n　　药方：在猎头眼中，在一家公司中高层职位上干满3年的候选人是比较理想的。汪力如果认准了行业，就要努力埋头做下去，没有完美的企业和上司，你在这家企业被边缘化，如果不能咸鱼翻生的话，再换一家也同样如此。只有想清楚自己的目标，稳扎稳打，步步为营，用实在的业绩说话，下一个晋升机会才不会擦肩而过。\r\n　　其他非典型晋升“绝症”\r\n　　1.“红眼病”，容不得他人比自己能干，喜欢背后冷嘲热讽。\r\n　　2.“营养不良”，知识和能力总是跟不上企业步伐。\r\n　　3.“骨质疏松”，没有主见，人云亦云，就会做老好人。\r\n　　……\r\n　　第N种：“抑郁症”，非黑即白，抱怨连连却缺乏行动力。\r\n　　(文章出自：前程无忧〈人力资本〉杂志)');
INSERT INTO `sample` VALUES ('c00009', '10.txt', '&nbsp;足彩06032期王智意甲解盘 \r\n　　1.卡利亚里VS国际米兰：杯赛对国米的吸引力更大，目前平赔较低，本场在“0”的基础上需适当补“1”。\r\n　　2.切沃VS佛罗伦萨：主队近来状态出现下滑，客队为冠军杯名额则到了不容有失的阶段，然而澳彩却为本场开出主队低水的平手初盘，看来“紫百合”是不会轻松拿到3分。\r\n　　3.恩波利VS阿斯科利：庄家仅为主场5连胜的恩波利开出平半浅盘，分明是对该队取胜信心不足的表现。\r\n　　4.拉齐奥VS帕尔马：主队在球半盘下的赢盘能力并不突出，而且初盘存在刻意看低帕尔马的嫌疑，本场补“1”稳妥。\r\n　　5.AC米兰VS罗马：米兰很少在对手身上发生连续输盘的事情，首回合米兰输盘，本场可对他们看高半线。\r\n　　6.帕勒莫VS梅西纳：此战已经无关紧要，初盘显示本场是“3/1”格局。\r\n　　7.雷吉纳VS尤文图斯：初盘显示了客队的强大，且本场关系到客队夺冠问题，此时尤文图斯可任胆选。\r\n　　8.特雷维索VS乌迪内斯：乌迪内斯在客场已连续拿下3盘，在状态正佳的时候，澳彩只为其开出平手初盘，想必“乌鸡”的势头会就此中断。足彩06032期王智德甲解盘 \r\n　　9.科隆VS比勒菲尔德：初盘高开意图明显，庄家引筹码去上盘的嫌疑极大，本场科隆有望不败。\r\n　　10.拜仁慕尼黑VS多特蒙德：多特蒙德客场至多连赢两盘，本场已到其盘路极限，而且澳彩初盘也有意在冷落主队。\r\n　　11.汉堡VS不莱梅：半球盘下两队在本赛季尚无平局记录，本场适合选择“3/0”。\r\n　　12.杜伊斯堡VS美因兹：初盘与欧赔极为不符，庄家有利用主队已经降级的题材诱下美因兹的嫌疑。\r\n　　13.沙尔克04VS斯图加特：初盘主队水位偏高，目前斯图加特客场盘路有反弹迹象，本场不排除客队抢分可能。\r\n　　14.沃尔夫斯堡VS凯泽斯劳滕：命悬一线的战役，庄家为本场开出了较高的平局赔率，想必两队有望分出胜负。\r\n　　栏目心水(256元)\r\n　　0 03 1 31 3 31 31 1 3 3 30 3 30 30\r\n　　栏目心水(2048元)\r\n　　01 10 1 31 30 31 31 1 3 3 30 31 31 302&nbsp;');
INSERT INTO `sample` VALUES ('c00009', '11.txt', '　　这是一次跨越世纪的重逢，这是一次弥补历史的棋坛盛事。5月23日至27日，在美丽的沈阳世博园，来自中国、日本和韩国三国的九位当年叱咤世界棋坛的围棋元老，将上演一次对决。昨天，本次元老赛的参赛者之一、中国围棋协会主席陈祖德表示，他对即将在沈阳揭幕的2006年中、日、韩三国围棋元老赛非常期待：“这是一次弥补历史的比赛！”　　三国元老首次聚首　　本次三国元老赛由国家体育总局棋牌运动管理中心、中国围棋协会主办、由沈阳市体育局、沈阳市体育总会、沈阳晚报、沈阳市围棋协会、沈阳电视台协办。比赛地点设在沈阳世界园艺博览会，是2006年沈阳市承办的级别最高的比赛，也是2006年国内外广泛关注的重要体育赛事之一。　　参加比赛的中日韩围棋元老都是二十世纪世界最著名的围棋代表人物，他们分别是中国队的陈祖德、王汝南和聂卫平；日本队的林海峰、宫本直毅和羽根泰正；韩国队的金寅、河灿锡和尹琦铉。除了中国的三位元老赫赫有名外，日本的林海峰是一代围棋巨人吴清源的弟子，曾三连霸名人战，五获本因坊，被日本《棋道》杂志敬称为棋界“阿信”；宫本直毅九段师从于关西棋院创始人桥本宇太郎九段，他在1974年率团访华，对聂卫平一生的命运发挥过至关重要的影响。中国棋迷相对陌生的金寅更是韩国著名的超一流九段棋手。相当于韩国的“陈祖德”，从1965年开始，韩国进入了名副其实的“金寅时代”，曾影响韩国围棋界十多年，七十年代后期，由于曹薰铉、徐奉洙等新人的崛起，金寅渐渐地退出了棋战的第一线。但正是他将韩国围棋引上了现代之路。陈祖德：这是弥补历史的比赛　　中国围棋协会主席、原中国棋院院长陈祖德先生，昨天在接受本报记者采访时对这次比赛给予了很高的评价，“这是世界第一次！”陈老说，“以前我们只是分别搞过中日和中韩的元老比赛，我们这批三个国家的棋手聚会还是第一次，因此这次比赛让人感到很兴奋。”　　陈祖德介绍说，因为各种历史原因，他和那个时代的韩日两国的高手们在各自棋力达到顶峰的时候没有交过手，这可以算是一个历史的遗憾，而这次三国元老赛正是弥补了他那个时代的选手的一个遗憾，填补世界围棋的一次历史空白，同时也将对中国围棋产生深远的影响。　　当陈祖德听说比赛要在美丽的沈阳世博园举行时，显得非常的高兴：“那太好了，我早就听说那里非常美，我想在那里比赛将是一次享受！这次聚会太令人期待了！”　　世博园将书写世界围棋佳话　　美丽的沈阳世博园已迎来八方游客，而这次九位中日韩围棋元老的跨世纪聚会，将为这美丽的地方书写一段佳话。据了解，本次比赛将在25和26日两天举行交叉比赛，到时候，当年未能一决雌雄的围棋元老们将亮出各自的绝活，留下一个个经典的对局。　　棋盘山，流传着传说与故事，凝聚着历史与现实融合的美丽，这里，将迎来一代宗师们的笑语；世博园，汇聚着鲜花与绿草，传递着人与自然和谐共生的理念，这里，还将留下世界围棋的一段佳话……　　');
INSERT INTO `sample` VALUES ('c00009', '12.txt', '\r\n　　皇帝“金口”吓走奇才\r\n　　詹姆斯绝对全能，能突破、能投篮、能运球、能传球，还能……用嘴赢得比赛。在骑士队114比113战胜奇才队以总比分4比2晋级东区半决赛的比赛中，詹姆斯就施展了一回他的嘴上功夫，仅只言片语就说得阿里纳斯罚输了比赛。刚刚在联盟里混了三年的詹姆斯，已经开始向伯德、米勒等“口技”出众的老前辈看齐了。\r\n　　现场 一张嘴战败一双手\r\n　　阿里纳斯有一双投手的手，这双手可以让他投中三分线两米开外的三分球，可以让他在对骑士队的生死大战上独得36分。然而阿里纳斯没有想到，当这双可以把罚球命中率控制在80％以上的手遭遇詹姆斯宽而厚的双唇时，竟然抖得连一个球也罚不进。\r\n　　是阿里纳斯的手葬送了奇才队，还是从詹姆斯唇间吐出的只言片语成就了骑士？\r\n　　一切应该从比赛最后两秒说起。当时，得到球的阿里纳斯没有选择地在三分线两米开外起跳投篮。球出手后，阿里纳斯的双眼一直盯着皮球在空中飞行的轨迹，当球进筐的一刹那，阿里纳斯几乎和全场观众的惊呼声同步举起双手。这是他对这双手的感谢，是它们让奇才队出现了一丝生的希望。或许，当时的阿里纳斯已经开始认为胜利女神在这一天是站在他们这边的。\r\n　　可一切并不顺利，阿里纳斯的最后一投好像耗尽了他的神奇。在加时赛里，骑士队的防守让他一分未得。直到比赛还剩15秒，休斯对阿里纳斯犯规，后者才获得了两次轻易得分的罚球机会。而这时，奇才队领先一分。\r\n　　本赛季罚球命中率高达82%的阿里纳斯走上了罚球线，在习惯性的将球绕身三周之后，他的第一罚并没有罚中。手感还没有恢复，阿里纳斯深吸了一口气。\r\n　　就在这时，詹姆斯走到阿里纳斯身边，拍着对方的胸口，低着头轻轻地说道：“如果你连第二罚也错失了，你知道谁会来终结比赛。”在之前第三场和第五场的较量中，骑士队均以一分优势险胜，而且都是由詹姆斯在最后时刻强攻上篮投中制胜球。\r\n　　阿里纳斯的表情变得很凝重，而他的罚篮准备动作也发生了改变。他第二次罚球前，并没有在腰间绕球，而是直接罚篮。这是平时的阿里纳斯绝不会做的事情。阿里纳斯心急了，方寸大乱！结果，第二罚球偏得比第一罚时还离谱。骑士队反攻的机会来了。\r\n　　战术 皇帝发话 小兵下手\r\n　　詹姆斯真的履行了对阿里纳斯的“诺言”，在接下来的进攻中对奇才队进行了绝杀吗？没有。完成绝杀的是阿里纳斯根本想不到的达蒙·琼斯。应该说，詹姆斯的话完全是一次攻心战术。\r\n　　在阿里纳斯罚失两球后，骑士队随即叫了暂停。主帅布朗布置了他这场比赛的最后一个战术：詹姆斯主攻，休斯接应，如果休斯还没有机会，球就交给琼斯投。\r\n　　比赛再次开始，詹姆斯一接到球，阿里纳斯和丹尼尔斯马上跟出三分线，对詹姆斯进行包夹，奇才队显然不希望再重蹈前几场的覆辙，因此立刻对其采取包夹战术。已经知道如何应对的“小皇帝”将球传给休斯，而在一旁防守琼斯的巴特勒立刻选择了放弃对琼斯的防守，去盯防休斯。而此时琼斯在底线无人防守，休斯立即传球，琼斯一击命中。\r\n　　 \r\n“很显然，胜利女神今晚并没有站在我们这边。你能想象吗？一个罚球命中率在80%的投手，在最后时刻竟然两罚不中。我只能说，今晚太糟糕了。”比赛已经结束，阿里纳斯还在想着刚才发生的事情。\r\n　　历史 “邮差周日不送信”\r\n　　詹姆斯并不是第一个使用攻心战术帮助球队获胜的人。这其中最经典的莫过于原公牛队著名球星皮蓬对马龙说的那句“邮差周日不送信”，简直就是詹姆斯对阿里纳斯的翻版。\r\n　　1996-97赛季公牛与爵士总决赛第六场，那是一个星期天。两支球队杀得难解难分，终场前35秒战成82比82平。马龙在最后关头获得罚球机会，但站在一边的皮蓬对绰号“邮差”的马龙说：“星期天邮差不送信。”一句话让马龙“心惊胆战”，结果终场前9.2秒居然两次关键罚球砸筐而出。\r\n　　而此后“飞人”乔丹在下一回合进攻时，一个胯下运球，突然急停并向后撤步，一记稳稳的跳投随着终场哨响飞入篮筐，公牛队84比82两分险胜。这一球也是近20年来NBA总决赛中惟一一个真正的压哨绝杀球。\r\n　　“口技大师” 各有绝活\r\n　　用言语干扰对手心态，从精神上击败对手的情况在NBA的赛场上很普遍，包括伯德、乔丹、米勒在内的一批天皇巨星都会利用这招来打击对手的自信心。然而每位巨星运用“口技”的特点却各不相同。\r\n　　伯德 先知型\r\n　　伯德喜欢对某个事件进行“预测”，再把他“预测”的结果告诉对手，最后用自己的实力将他的“预言”实现。\r\n　　“我要在这里进三分送你们回家。”——伯德在一场比赛的最后一次进攻前指着三分线外的一块地板对对手说，当时拥有进攻权的凯尔特人队与对手平分。结果界外球开出后，伯德真的在那里接球投进压哨三分，赢下比赛。\r\n　　“你们决定谁要拿第二名了吗?”——1986年全明星三分球大赛前，伯德一进休息室就问所有参赛者。伯德最终夺得了那届三分大赛的冠军。\r\n　　乔丹 显摆型\r\n　　乔丹喜欢向所有人炫耀自己的超人实力，因此，使用“口技”也就变成了他向对手显摆的工具。在他使用这招时，完全是一副上帝对凡人训诫的模样。\r\n　　“你投呀，我让你投……投呀！”——乔丹在防守时最常说的话，通常情况下对手都会投篮不中。\r\n　　“加油，你差点就守住我了。”——乔丹在进攻得手之后最常说的话。\r\n　　姚明 \r\n努力型\r\n　　别以为母语是汉语的姚明不会使用“口技”。在NBA征战了三个赛季的姚明融入NBA是全方位的，在口技方面虽然不比之前几位大师，但也有上乘之作。\r\n　　“我要打得你把护齿都吞下去。”——2005年2月10日，在火箭队105比92战胜公牛队的比赛中，姚明对公牛队中锋钱德勒说。在说完这句话后，姚明在对手头上连得6分。是役，他10投9中砍下21分。\r\n　　“口技对决”米勒太嫩\r\n　　使用“口技”攻击对手，并不是百分之百能成功的。在NBA的历史中，经常使用“口技”的雷杰·米勒就碰到过使用“口技”得到反效果的事情，因为他攻击的对象是心理素质超强且更擅长“口技”的伯德。\r\n　　在米勒的新秀赛季，年轻的米勒在步行者队的主场第一次碰到伯德。当时步行者队落后两分，伯德获得罚球机会。米勒随即向伯德发出“嘿！嘿！”的干扰声。“你没开玩笑吧，菜鸟？”伯德对米勒说，然后从容地罚进一球。当伯德再次得到球时，他又说：“菜鸟,我告诉你，我是现在联盟里最顶尖的投手，全NBA！知道吗？你还有什么想说的吗？”接着，伯德又罚进一球。“我当时真是蠢到十八层地狱去了。”米勒在自己的回忆录中提到这段往事时，评价自己当时的表现说。');
INSERT INTO `sample` VALUES ('c00009', '13.txt', '\r\n　　有江湖的地方，就有恩怨。一个远离辽足视线很久的人物———马林，突然和三轮不胜的辽足扯上了关系。“下岗的马林接替战绩不佳的唐尧东？”一件原本也许是捕风捉影的事，引来当事人完全不同的反应：马林一笑置之，唐尧东则咆哮如雷。而辽宁队队长肇俊哲则说：“辽宁队现在遇到很多困难，希望外界的炒作不要再给辽足添乱了。”\r\n　　马林笑言：我下岗还能给别人造成威胁？\r\n　　昨天下午，马林刚办理完辞去中甲江苏舜天俱乐部主教练一职的后续事务，由南京飞回大连，被几个好友拉着接风，正推杯换盏之际，一则辽足主帅的消息却让他哑然失笑。\r\n　　昨日一则报道称，辽宁队近期战绩不佳，逼近降级区，如果辽宁队持续不胜，俱乐部将考虑换帅，而辽足旧帅马林，刚刚从江苏下岗，又有张曙光和辽宁队队员的支持，极有可能接替唐尧东。而在今年年初的辽足主帅竞聘时，马林恰恰是唐尧东的竞争对手。\r\n　　“我刚刚从南京回来，刚下飞机，如果你不说，我还不知道这事。”马林似乎无事一身轻，还陶醉在与舜天“甜蜜”的分手中，“舜天集团董事长、俱乐部老总对我的工作都给予了肯定，通过几个月的相处，我们相互了解，彼此信任支持，我走的时候，俱乐部老总特地送到机场，我们还抹了眼泪。”\r\n　　不在其位，不谋其政。马林说他对辽宁队的感情从来都是割舍不下，但在带舜天期间，他只关注自己队伍和对手的情况，对辽宁队的情况一无所知，毕竟是两个级别的联赛，现在他又刚刚下岗，正想休息几天。至于将来的事，他也不好说。\r\n　　唐尧东咆哮：谁能带好辽宁队你就找谁去！\r\n　　记者昨日连线唐尧东时，原本是想请他介绍一下辽宁队今日主场迎战西安国际的备战情况，国际上轮战胜实德后，士气正旺，欲在辽宁主场取得两连胜。不料唐尧东没好气地说：“这怎么能说，这是机密。我都说了，明天的比赛还怎么打。”\r\n　　记者随后问到唐指导是否感受到压力，有媒体称俱乐部正在酝酿换帅，当听到马林这个名字时，唐尧东顿时怒了：“谁能带好辽宁队你就找谁去，这事你找我干吗。”记者请其心平气和一些，还未等记者说完，唐尧东极其严肃地把话一字字蹦道：“我———挂———电———话———了。”\r\n　　辽足俱乐部董事长陈加松正在北京商谈招商事宜，在被问到换帅的问题上时，陈加松表示到目前为止还没有考虑过，而张曙光的电话则一直无人接听。\r\n　　队长肇俊哲：外界声音导致辽足不团结更可怕\r\n　　小肇在谈到今天对国际的比赛时，表示力争3分，国际虽然赢了实德，但毕竟是在辽足主场，辽宁队定当全力以赴。在谈到换帅的传闻时，小肇十分反感：“辽宁队输球并不可怕，外部的声音导致辽宁队内部不团结才更可怕。”\r\n　　小肇说：“在辽宁队最困难的时候，全队上下都在尽力打好每一场比赛，希望外界的炒作不要给辽宁队添乱了。唐导非常不容易，队里人手本来就缺，再加上伤病，上轮客场输给天津，也是实力摆在那儿。输球是大家的责任，不能让一个人背。当然，作为教练，责任会更大些，压力也大。现在全队上下都十分支持唐导，我们现在最需要的就是团结一致，共渡难关。”\r\n　　小肇最后说道：“谁都不容易，大家互相理解吧！”\r\n　　本报记者黄进报道');
INSERT INTO `sample` VALUES ('c00009', '14.txt', '　　北京、莫斯科、美国 三次看升旗感受不同　　大郅：北京这次最难忘　　《体育天地·mvp》记者朱冲报道　　“起来，不愿做奴隶的人们……”5月8日凌晨5点，王治郅随中国男篮一起在天安门广场参加了升旗仪式。当国歌响起的时候，王治郅两眼紧盯五星红旗，轻声唱着国歌。这是王治郅四年以来第一次在自己祖国的土地上听到国歌响起，看到国旗升起。所以，王治郅说：“这是我最难忘的一次看升旗。”　　国旗让我感到责任　　在谈到升旗的感受时，王治郅说：“所有热爱祖国的人在看到五星红旗冉冉升起的时候都会有同一种感受，那就是作为一名中国人的骄傲和自豪。我一共在天安门广场参加过两次升旗，第一次是上初中的时候，虽然时间过去十几年了，但这种感情是不变的，而且只会继续加深。”　　的确，这一次升旗对于王治郅来说很特别，因为这是他在经历了“滞美不归”事件之后第一次看到升旗，这是他四年以来第一次回到自己的祖国看到升旗。“四年来祖国的发展日新月异，升旗的时候，我脑子里想了很多，浮现了很多场景。我想起了回国后我父母带我逛漂亮的四环、五环路，想起了看到的雄伟建筑，想起了随处可见的‘新北京、新奥运、同一个世界、同一个梦想’的宣传牌。”王治郅严肃地说，“当时我就感受到一种责任，我希望在2008年的北京奥运会上站在领奖台上再次看到国旗升起，听到国歌响起。”　　在莫斯科看升旗很激动　　说到北京奥运会，王治郅又自然而然地想起了2001年7月13日的莫斯科，北京申奥现场。当时，王治郅是申奥的形象大使。　　“作为北京申奥代表团的成员，当我在莫斯科亲眼看到萨马兰奇宣布北京获胜的那个时刻，我真的感到心潮澎湃。”王治郅说，“在申奥现场没有升旗仪式，没有奏国歌，但当宣布我们获胜的时候，我们全部拿出了早就准备好的国旗。等回到大使馆，看到国旗升起、国歌响起的时候我们所有人都感到无比的激动和自豪。”　　看到姚明就能看到国旗　　除了奥运会以外，这次升旗还让王治郅想起了他在美国的生活。在美国的四年是大郅最为孤独的经历，也是最想念祖国的时候。“在美国，只有到中国大使馆去才能看到国旗，听到国歌。”王治郅说。　　当王治郅还在NBA时，他和姚明在赛场上的每一次相遇都被称为移动长城的对接。“我记得，无论我遇到姚明还是巴特尔，球馆里都会有很多华人球迷来加油，看台上也会看到国旗，那时候我们就感到一种身处国外的民族自豪感。”王治郅说，“但我和姚明在场上的相遇机会很少，更多的只能是在场下匆匆聊几句，所以我特别能理解姚明所说的，在NBA就感到中国人太少，我真的希望看到越来越多的中国人能够出现在世界最高水平的联盟中证明我们中国人的实力。所以对于姚明成为状元秀，对于姚明在NBA取得的成就和成功，我由衷地替他感到高兴，这是所有中国人的骄傲。”');
INSERT INTO `sample` VALUES ('c00009', '15.txt', '\r\n\r\n　　本期足彩做为意德联赛的收官之战，仍保留了三大悬念，即意甲的冠军归属、欧冠资格之争及德甲的最后一场保级大战。相信很多理性彩民也会在选择上不敢轻易来把这三场比赛做稳胆来选择。下面，本人就本期足彩做以剖析，仅供大家参考。\r\n　　随着五大联赛即将全面结束，有四国联赛已经提前产生了本国联赛冠军，本周末的尤文图斯和AC米兰将把这个悬念留到最后。首先分析一下对阵形势：主场王A米对阵的球队是对欧冠联赛虎视眈眈的“红狼”罗马，而客场王尤文将对阵早已安全上岸的自己的嫡系雷吉纳队，尤文更有三分领先优势。不考虑联赛冠军，A米也不可能允许自己一年内两次栽倒在“红狼“脚下，而尤文则更不会允许小弟坏了自己的夺冠美梦。可以说，两队绝对不允许自己有任何失误。“红狼”的奇迹要看竞争死敌佛罗伦萨败或平切沃，而自己则必须战胜A米才能搭上欧冠末班车，当然，这种理论上的可能会使任何人产生幻想。但要记住，这场比赛是“红狼”客场与国米死拼意大利杯后的第三天进行，夺杯与否的心理及体力将直接影响它的发挥。综合种种数据表明，A米将有95%的可能在圣罗西球场击败罗马（尽管有消息说罗马王子托蒂将复出登场）。而尤文将最可能在雷吉纳象征性的进攻下如愿以一个小比分顺利拿下，最大的奇迹则是尤文以一分的优势顺利夺冠。\r\n　　第二悬念是佛罗伦萨和罗马的冠军联赛资格之争。本赛季佛罗伦萨在重金投入下终于有了最好的回报，在“重炮”托尼的率领下，主客场发挥极为稳定，积分始终处于前列，而能够跻身冠军联赛是其队上下的最大目标，此翻客场挑战“飞驴”切沃，是其能否保住联赛第四的关键之战。但佛罗伦萨面对的对手是已经踏入联盟杯赛场的已经没有任何追求的切沃，这一战就看切沃的战意了，但不论怎样，指望罗马客场翻盘A米的希望毕竟不是很大。所以，无论佛罗伦萨输赢，其出现的机会还是最大的，以切沃的特点，又鉴于其客场曾输给过切沃，似乎好象不会轻易让佛罗伦萨过关的，但最大的可能是各取一分，互不伤了和气。不过指望佛罗伦萨客场战胜切沃似乎不大可能。\r\n　　第三悬念是相差一分的沃尔夫斯堡和凯泽谁能最后保级成功。这两支昔日的德甲油条终于在本轮迎来了决定命运的生死大战。本赛季“狼堡”主场的防守一直处于德甲的榜眼位置，进攻则处在榜尾。昔日顾头不顾尾的毛病终于以只加强防守不会进攻换取到了濒临降级的厄运。本赛季凯泽主场轻松拿下“狼堡”，但这回客场作战，尽管达到了只许胜不许输的境地，但面对整个赛季主场只失了十四个球的“狼堡”，恐怕再次取胜的可能性几乎就不存在了。生死一线间，决定命运的比赛，“狼堡”人是不会把优势转化为劣势的。如果凯泽选择狂轰乱炸式的进攻，或许输的更惨，本人估计，最有可能的结果是：战平占60%，“狼堡”胜40%。\r\n　　其它场次比赛，要侧重于赛季最后一个主场为基准，注意已掉级的几支球队可能会打出取悦球迷的进功足球，意甲倾向于二到三场平局，德甲几支强队之战主要考虑各参加世界杯国球员的战意。估计本期足彩奖金会有一定程度的提高。\r\n　　本人心水：\r\n　　1：31\r\n　　2：1\r\n　　3：31\r\n　　4：3\r\n　　5：3\r\n　　6：3\r\n　　7：10\r\n　　8：30\r\n　　9：3\r\n　　10：31\r\n　　11：30\r\n　　12：30\r\n　　13：3\r\n　　14：31\r\n　　\r\n');
INSERT INTO `sample` VALUES ('c00009', '16.txt', '\r\n　　刚刚在上周六以0比2惨败在长春队脚下的沈足，今天下午将在客场挑战升班马厦门蓝狮，尽管在此前，沈足曾在换帅之后创造了三连胜和四轮不败的骄人战绩，但随着上一轮主场失利，使得沈足刚刚赢来的保级优势顿时化为乌有，对此，沈足俱乐部总经理何兵表示：“过去的胜利已经成为过去，我们现在必须要冷静地面对现实，从现在开始，我们打的每一场比赛都是保级战，特别是跟厦门这样的保级球队作战，我们更是要全力争胜。”\r\n　　为了提前适应厦门当地的天气和场地，沈足在本周一就抵达厦门，开始了赛前备战，尽管在上一轮遭遇惨败，但沈足将士却并没有因此灰心丧气，相反，随着许博、普科两名绝对主力的回归，全队对本轮挑战厦门蓝狮充满了必胜的信心，场上队长汪强告诉记者：“我们上一轮输给长春其实很正常，一方面我们缺少了两名主力队员，另一方面今年长春队非常强，他们现在排名第二就足以说明他们非常有实力。不过，本轮和厦门队比赛，我们还是非常有信心拿下来，今年厦门队的实力并不是很强，虽然客场比赛有些困难，但我们全队的目标非常明确，就是全取3分，最坏也要带着1分回来。”\r\n　　许博和普科的回归也令主教练库夫曼感到非常高兴，因为他又可以派出他最满意的主力阵容出战。对于今天的比赛，库夫曼表示：“厦门队已经几轮没有赢球了，我想他们对这场比赛也会虎视眈眈，但中国有句俗话是狭路相逢勇者胜，到时候就看我们谁更顽强吧。”\r\n　　本报记者刘淼报道');
INSERT INTO `sample` VALUES ('c00009', '17.txt', '\r\n　　中新网5月10日电今日出版的辽沈晚报刊载了中国球员李铁从英国利物浦发回来的文章，详细阐述了他和老东家埃弗顿队解约的内幕。文章全文如下：\r\n　　今天我必须要在这里纠正一个概念上的错误。国内媒体昨天都用了“埃弗顿与李铁解约”这样的标题来报道我的留洋现状，其实这个说法是不正确的。\r\n　　我与埃弗顿队的工作合同在今年6月30日正式到期，埃弗顿目前只是初步决定“不再与我续约”，这与“解约”完全是两个概念。其实，我将离开埃弗顿早已经不是什么秘密，否则我也不会主动与其他一些球会进行积极的接触。最近两年，我因为伤病的原因一直没有替埃弗顿打过比赛，埃弗顿也在去年买进了大批前卫队员，人员储备方面显得很充足，所以可能教练感觉不再需要我了。\r\n　　这是再正常不过的游戏规则了，我非常理解埃弗顿的想法。事实上，是我主动找到埃弗顿决策层，先表明去意的。与我一起与俱乐部谈过话的还有邓肯·弗格森，他是因为年龄实在太大，明年就36岁了，没办法适应埃弗顿激烈的竞争，这才心生离意。而我，则是希望能换个地方得到新的发展机会。\r\n　　“不再续约埃弗顿”意味着我从7月份开始就成为自由球员，实际上这对我寻找新工作是非常有利的一个筹码，毕竟能不花一分钱就能得到一个身价100多万英镑的球员，对任何俱乐部都是一件很实惠的事情。也许大家还不知道，其实我在今年1月份的赛季中转会期里，就有过租借到别队的机会，但当时我就是考虑到那时我会有一笔不菲的转会费，这势必会影响到我的去向。所以，我才决定等到赛季结束，这无疑会帮助我找到更理想的新东家。\r\n　　再具体解释一下，基恩与曼联的那种分手形式叫“解约”。当时曼联在基恩的合同还有6个月到期的时候表态不再留用他，这样基恩就领得了一笔曼联支付的违约金，这才远投他乡的。如果埃弗顿队在我合同未到期之际与我“解约”，他们是得付违约金的。(李铁）\r\n　　');
INSERT INTO `sample` VALUES ('c00009', '18.txt', '\r\n\r\n\r\n　　第4场位：从第06020期胜负彩起，在第4场位上，最近11期足彩出现的数字序列为“31111331331”，已经连续11轮不出“0”，而此前“0”还是比较受欢迎的，这就意味着在连续11轮不出“0”后，本轮第4场位出“0”的几率很大，此外本场位目前连续出“1”的动力不是很强，如此看来，此场位拉齐奥VS帕尔马的比赛，彩路表明两队有望分出胜负。投注建议：3/0\r\n　　第6场位：从第06025期胜负彩起，在第6场位上，最近6期足彩出现的数字序列为“330300”，已经连续6轮不出“1”。而此前本场位连续出“1”的次数极多，这就意味着在连续6轮不出“1”后，本轮第6场位出“1”的几率已经大大增强，如此看来此场位帕勒莫VS梅西纳的比赛，彩路表明两队有望和平收场。投注建议：1\r\n　　第8场位：从第06024期胜负彩起，在第12场位上，最近7期足彩出现的数字序列为“3133313”，已经连续7轮不出“0”，而此前“0”还是比较受欢迎的，这就意味着在连续7轮不出“0”后，本轮第12场位出“0”的几率很大，此外本场位最近连续出“3”的动力过强，本场很可能出现回落，如此看来，此场位杜伊斯堡VS美因茨的比赛，彩路表明主队无望取胜。投注建议：1/0');
INSERT INTO `sample` VALUES ('c00009', '19.txt', '\r\n\r\n\r\n　　场次 对阵&nbsp;&nbsp;&nbsp;&nbsp;&nbsp;&nbsp;&nbsp;&nbsp;&nbsp;&nbsp; \r\n&nbsp;时间&nbsp;&nbsp;&nbsp;&nbsp;&nbsp;&nbsp;&nbsp; \r\n&nbsp;推介（128元）&nbsp;&nbsp;&nbsp;&nbsp;&nbsp;&nbsp; 推介（512元）\r\n　　1 卡利亚VS国　米&nbsp; \r\n14日21时&nbsp;&nbsp;&nbsp;&nbsp;&nbsp;&nbsp;&nbsp;&nbsp;&nbsp;&nbsp; \r\n0/1&nbsp;&nbsp;&nbsp;&nbsp;&nbsp;&nbsp;&nbsp;&nbsp;&nbsp;&nbsp;&nbsp;&nbsp;&nbsp;&nbsp; \r\n&nbsp;0/3\r\n　　2 切　沃VS佛罗伦&nbsp; \r\n14日21时&nbsp;&nbsp;&nbsp;&nbsp;&nbsp;&nbsp;&nbsp;&nbsp;&nbsp;&nbsp;&nbsp; \r\n1&nbsp;&nbsp;&nbsp;&nbsp;&nbsp;&nbsp;&nbsp;&nbsp;&nbsp;&nbsp;&nbsp;&nbsp;&nbsp;&nbsp;&nbsp;&nbsp; \r\n0/3\r\n　　3 恩波利VS阿斯科&nbsp; \r\n14日21时&nbsp;&nbsp;&nbsp;&nbsp;&nbsp;&nbsp;&nbsp;&nbsp;&nbsp;&nbsp;&nbsp; \r\n1&nbsp;&nbsp;&nbsp;&nbsp;&nbsp;&nbsp;&nbsp;&nbsp;&nbsp;&nbsp;&nbsp;&nbsp;&nbsp;&nbsp;&nbsp;&nbsp; \r\n1/0\r\n　　4 拉齐奥VS帕尔马&nbsp; \r\n14日21时&nbsp;&nbsp;&nbsp;&nbsp;&nbsp;&nbsp;&nbsp;&nbsp;&nbsp;&nbsp;&nbsp; \r\n3&nbsp;&nbsp;&nbsp;&nbsp;&nbsp;&nbsp;&nbsp;&nbsp;&nbsp;&nbsp;&nbsp;&nbsp;&nbsp;&nbsp;&nbsp;&nbsp; \r\n3/1\r\n　　5 AC米兰VS罗　马&nbsp; \r\n14日21时&nbsp;&nbsp;&nbsp;&nbsp;&nbsp;&nbsp;&nbsp;&nbsp;&nbsp;&nbsp; \r\n3/1&nbsp;&nbsp;&nbsp;&nbsp;&nbsp;&nbsp;&nbsp;&nbsp;&nbsp;&nbsp;&nbsp;&nbsp;&nbsp;&nbsp;&nbsp; \r\n3/0\r\n　　6 巴勒莫VS梅西纳&nbsp; \r\n14日21时&nbsp;&nbsp;&nbsp;&nbsp;&nbsp;&nbsp;&nbsp;&nbsp;&nbsp;&nbsp;&nbsp;3&nbsp;&nbsp;&nbsp;&nbsp;&nbsp;&nbsp;&nbsp;&nbsp;&nbsp;&nbsp;&nbsp;&nbsp;&nbsp;&nbsp;&nbsp;&nbsp;&nbsp; \r\n&nbsp;3\r\n　　7 雷吉纳VS尤　文&nbsp; \r\n14日21时&nbsp;&nbsp;&nbsp;&nbsp;&nbsp;&nbsp;&nbsp;&nbsp;&nbsp;&nbsp; \r\n0&nbsp;&nbsp;&nbsp;&nbsp;&nbsp;&nbsp;&nbsp;&nbsp;&nbsp;&nbsp;&nbsp;&nbsp;&nbsp;&nbsp;&nbsp;&nbsp;&nbsp;&nbsp; \r\n0\r\n　　8 特雷维VS乌迪内&nbsp; \r\n14日21时&nbsp;&nbsp;&nbsp;&nbsp;&nbsp;&nbsp;&nbsp;&nbsp;&nbsp; \r\n&nbsp;1&nbsp;&nbsp;&nbsp;&nbsp;&nbsp;&nbsp;&nbsp;&nbsp;&nbsp;&nbsp;&nbsp;&nbsp;&nbsp;&nbsp;&nbsp;&nbsp;&nbsp; \r\n&nbsp;1\r\n　　9 科　隆VS比勒菲&nbsp; 13日21时30分&nbsp;&nbsp;&nbsp;&nbsp;&nbsp;&nbsp; \r\n3&nbsp;&nbsp;&nbsp;&nbsp;&nbsp;&nbsp;&nbsp;&nbsp;&nbsp;&nbsp;&nbsp;&nbsp;&nbsp;&nbsp;&nbsp;&nbsp;&nbsp;&nbsp; \r\n3\r\n　　10 拜　仁VS多　特 13日21时30分&nbsp;&nbsp;&nbsp;&nbsp;&nbsp; \r\n3/1&nbsp;&nbsp;&nbsp;&nbsp;&nbsp;&nbsp;&nbsp;&nbsp;&nbsp;&nbsp;&nbsp;&nbsp;&nbsp;&nbsp;&nbsp;&nbsp; \r\n&nbsp;3\r\n　　11 汉　堡VS不莱梅 13日21时30分&nbsp;&nbsp;&nbsp;&nbsp;&nbsp; \r\n3/0&nbsp;&nbsp;&nbsp;&nbsp;&nbsp;&nbsp;&nbsp;&nbsp;&nbsp;&nbsp;&nbsp;&nbsp;&nbsp;&nbsp;&nbsp;&nbsp; \r\n3/0\r\n　　12 杜伊斯VS美因兹 13日21时30分&nbsp;&nbsp;&nbsp;&nbsp; \r\n&nbsp;3/1&nbsp;&nbsp;&nbsp;&nbsp;&nbsp;&nbsp;&nbsp;&nbsp;&nbsp;&nbsp;&nbsp;&nbsp;&nbsp;&nbsp;&nbsp;&nbsp;&nbsp; \r\n1\r\n　　13 沙尔克VS斯图加 13日21时30分&nbsp;&nbsp;&nbsp;&nbsp;&nbsp;&nbsp; \r\n3&nbsp;&nbsp;&nbsp;&nbsp;&nbsp;&nbsp;&nbsp;&nbsp;&nbsp;&nbsp;&nbsp;&nbsp;&nbsp;&nbsp;&nbsp;&nbsp; \r\n&nbsp;3/1\r\n　　14 沃尔夫VS凯泽斯 13日21时30分&nbsp;&nbsp;&nbsp;&nbsp;&nbsp; \r\n3/0&nbsp;&nbsp;&nbsp;&nbsp;&nbsp;&nbsp;&nbsp;&nbsp;&nbsp;&nbsp;&nbsp;&nbsp;&nbsp;&nbsp;&nbsp;&nbsp; \r\n3/0\r\n　　上期成绩 11 10');
INSERT INTO `sample` VALUES ('c00010', '10.txt', '专仿竞争共存\r\n　　近日，美国医药保健管理协会（ＰＣＭＡ）的一份评估报告指出，专利药厂家就老年人经常使用的专利药出台了一系列措施，试图限制仿制药厂商产销该类产品，通过诉讼、游说立法和专利成分陷阱等手段，力求最大程度延缓仿制药上市或进入联邦医疗保险体系。\r\n　　ＰＣＭＡ代表医药管理公司如医疗保险业的利益。该协会会长ＭａｒｋＭｅｒｒｉｔｔ表示，专利药厂家正努力在未来5年内阻止若干仿制药上市，从而换回高达230亿美元的专利药销售额。据该协会的统计，到2010年有大约14支老年人常用药的专利将到期，如果仿制药如期面市，仅通过仿制降胆固醇药舒降之和普拉固、抗抑郁药左洛复、前列腺药保列治就可能为美国联邦医疗保险节约130亿美元。\r\n　　代表美国专利药制造商利益的美国药品研究与制造商协会（ＰｈＲＭＡ）反驳了Ｍｅｒｒｉｔｔ的指责，指出联邦医疗保险预算正在逐年下降，而且仿制药的使用率非常高，处方药中有一半以上是仿制药，证明专利药厂家没有操纵市场，限制仿制药出台。\r\n　　代表不同利益的两家行会组织都在表达一个共同的意思就是——专利药厂家和仿制药厂家针锋相对。而实际上，专利药厂家和仿制药厂家私下里也有同盟之时。\r\n　　4月24日，美国ＦＤＡ表示，近期将开展一项市场舞弊行为的调查。ＦＤＡ指出，专利药厂家和仿制药厂家通过签定赔偿协议，主动延迟仿制药的上市时间，或控制面市药物数量，以商业合同的形式钻法律的空子，使专利药厂家继续获得高额利润，而仿制药企业则从专利药厂家手中获得现金回报。\r\n　　专利药和仿制药之间的法律斗争由来已久，专利药厂家和仿制药厂家都逐渐意识到这是一场制药工业的内耗。1999年，诞生了第一份由专利药厂家向仿制药厂家“购买”推迟仿制药物上市承诺的赔偿协议。专利药厂家可以因此维持销售额和利润，仿制药企业一方面可以获得稳定的收入，一方面可借机压缩仿制药领域内竞争对手的市场空间。\r\n　　美国联邦贸易委员会披露，去年9月先后有3份赔偿协议生效，之后又至少签订了6份类似的赔偿协议。最近发生的两起判决更是催化了制药企业签订类似协议的热情。\r\n　　其中一宗涉及年销售额38亿美元的赛诺菲－安万特公司产品波立维，该产品在美国市场上由百时美施贵宝公司销售。赛诺菲－安万特公司和百时美施贵宝公司与仿制药公司Ａｐｏｔｅｘ签定了赔偿协议。根据协议，Ａｐｏｔｅｘ公司将所研制的波立维仿制药上市时间延后至2011年，同时得到一笔赔偿金，赔偿金额没有披露。这份协议的签订意味着，美国纳税人还要继续支付高额药费长达5年。第一只仿制药上市将平均导致原专利药价格缩水40％，市场独享期后，其他仿制药上市将使原专利药价格平均再缩水20％～40％。联邦贸易委员会正在考虑如何对这一协议作出反应。另一起协议涉及先灵葆雅公司，联邦贸易委员会已经要求最高法院巡回法庭给予驳回。联邦贸易委员会表示，如果巡回法庭没有驳回该协议，将导致专利药厂家和仿制药厂家随意限制竞争，操纵市场，分享暴利。\r\n　　联邦贸易委员会已经向白宫管理与预算办公室提交报告，希望获准对多达200家制药企业发出传票，彻底调查类似的赔偿协议是否触犯了反竞争法。但就目前各制药企业强大的游说力量而言，落实反竞争调查的难度相当大。\r\n　　仿制药增长势不可挡\r\n　　在未来5年里，仿制药市场的成长趋势不可抵挡。ＩＭＳ的分析数据显示，在未来5年中，仿制药的销售额将以14％～17％的速度递增，比整个医药行业的销售预期多9％。Ｂａｉｎ＆Ｃｏｍｐａｎｙ公司认为，仅2008年就将有价值780亿美元的处方药受到仿制药的冲击，而2005年这个数字为200亿美元。\r\n　　仿制药获得发展的另一个原因是政府的青睐。美国联邦医疗保健和医疗补助服务中心（ＣＭＭＳ）降低了2006年的医疗开支预算，从381亿美元减缩至305美元。在经济发展不畅的时候，美国政府格外希望看到更多便宜的仿制药上市，以缓解联邦预算压力。\r\n　　这个夏天，辉瑞公司年销售额达33亿美元的抗抑郁畅销药左洛复将失去专利保护，受到仿制药冲击后，年销售额预计为4．7亿美元。仿制药大户泰华公司更愿意自己掌握市场，而不是通过赔偿协议获得利润。泰华美国公司发言人ＫｅｖｉｎＭａｎｎｉｘ说，泰华公司已经获准第一个推出左洛复的仿制药，泰华公司将有6个月的市场独享期。\r\n　　生物制药领域可能成为新的仿制药冲击市场。美国没有批准生物仿制药，但在美国以外生物仿制药有较为显著的发展。\r\n　　美国不得不正视生物仿制药市场的前景。首先，生物制药市场庞大，2005年销售总额大约310亿美元，市场空间相当可观。其次，生物制剂复杂程度远高于化学制剂，仿制成本和难度相当高，因而对美国主要生物制药企业的冲击不至于非常严重，也就不会动摇美国在全球的生物领先地位。据统计，生物仿制药的对原药物的价格影响只有10％～20％，而化学制剂则高达80％。此外，如果不及时拓展生物仿制药市场，那么欧洲生物制药行业将快速发展，赶超美国，并通过对美国生物制剂的仿制，分流美国制药企业的利润。\r\n　　或成寡头垄断局面\r\n　　经过几年的发展，仿制药市场有可能从市场竞争阶段进入寡头垄断阶段。在未来几年出现大量专利药到期的情况下，这一现象有可能加剧。\r\n　　咨询公司ＴｈｏｍｓｏｎＩＢＥＳ的分析资料显示，泰华公司在未来3～5年中可能保持20％的惊人年收入增幅，2006年的市营率预期为21，接近理想状态的20，而同行业平均市营率是24。泰华公司目前拥有多达160个左右的简化申请新药备案，其中也包括若干生物药物的仿制药报批内容。2006年度，泰华公司有望把持美国仿制药市场20％的份额。泰华公司的目标集中在未来5年内几乎所有制药行业将要失去专利、目前市场价值高达1000亿美元的药物，这些药物的仿制药市场价值至少为200亿美元。\r\n　　其他有望成为寡头的仿制药企业中，Ａｎｄｒｘ公司2006年的市营率预期为24，每股收益增幅预期为19％，销售额预期为11．03亿美元，公司的市场价值为17．5亿美元；Ｂａｒｒ公司2006年的市营率预期为19，每股收益增幅预期为16％，销售额预期为12．81亿美元，公司的市场价值为64．47亿美元；Ｍｙｌａｎ公司2006年的市营率预期为18，每股收益增幅预期为19％，销售额预期为12．46亿美元，公司的市场价值为46．31亿美元；Ｐｅｒｒｉｇｏ公司2006年的市营率预期为22，每股收益增幅预期为10％，销售额预期为14．61亿美元，公司的市场价值为15．55亿美元；华生公司2006年的市营率预期为20，每股收益增幅预期为10％，销售额预期为18．71亿美元，公司的市场价值为30．98亿美元。');
INSERT INTO `sample` VALUES ('c00010', '11.txt', '万络给止痛药市场带来的阴霾久久仍未散去，但这丝毫不能说明该市场的需求在减少。在既定的需求现实下，ＣＯＸ－２抑制剂的衰落，必然引来趁虚而入者。不久前我国河南帅克制药和贵州益佰先后宣称将倚靠新的止痛药进入该领域，一场“分羹”之战显然已经急促展开。\r\n　　潜力巨大的镇痛药市场一直是跨国公司的天下，而最近它们的优势地位正经受挑战，其缘由是２００４年８月份王牌止痛药万络爆出安全性问题引发了市场对新型非甾体止痛药的不信任感。\r\n　　去年９月万络自动撤出我国后腾出了巨大的市场空间，引起了众多企业的觊觎，去年５月１３日，中美史克曾经发起“霞光行动”，试图从困境中挽救其ＯＴＣ王牌药芬必得，但更多的国内企业则尽量避开身处安全性危机旋涡中的ＣＯＸ－２抑制剂领域，希望从新的镇痛领域入手找到征战止痛药市场的新武器。\r\n　　不久前我国河南帅克制药和贵州益佰先后宣称将倚靠新的止痛药进入这个潜力仅次于感冒药的新领域，据帅克制药董事长张克军透露，帅克开发的止痛新药氨酚曲马多片即将上市。据记者了解，该产品也是今年西安杨森力推的重点产品。而贵州益佰方面则透露，该公司将凭借一种止痛中药来分切国内巨大的止痛药市场。\r\n　　显然，一场新的止痛药市场“分羹”大战已经打响。\r\n　　止痛药市场依然是金矿\r\n　　分析人士指出，尽管目前使用最多的ＣＯＸ－２抑制剂正遭遇安全性危机，但对于整个止痛药并不构成影响，此事件的最大可能是各大类止痛药由此进行一轮市场替代，而与此同时，整个市场还在继续增长。\r\n　　中国已经步入老龄化社会，中老年人口约有５亿。风湿和类风湿关节炎、肩周炎、颈椎病、骨质增生等疾病在老年甚至中年人群中属于常见病、多发病，各类疼痛病症患者约占中老年群体的６５％，而且这一群体数量还在不断的增加。\r\n　　另外，随着我国制造业大国地位的不断提升，产业工人数量急剧膨胀，长期的劳作容易导致各种机体劳损和关节疼痛，因此，该群体已经成为疼痛药物消费的另一个大群体。由于电脑等工具的引入，人们的工作和生活方式已经发生了根本的改变，长期的静坐催生了这一人群各种疼痛的出现，这是导致疼痛人群增长的又一个重要因素。\r\n　　据ＩＭＳ国际咨询公司预测，２００５年，全球止痛剂市场总量达８００亿美元以上。目前，美国、欧洲和日本是全球最大的止痛药市场，过去３０年来止痛药市场销售额一直在稳步上升。国内的资料也显示：我国非处方药市场上止痛药增长迅速，其销售仅次于感冒药，大约占到了２０％的比例。\r\n　　与此同时，目前医学更加注重病人的生活质量，对患各种疾病引起的疼痛的治疗也催生了新的止痛药市场。以癌症疼痛为例，\r\n　　据我国卫生部统计数据显示，２０世纪９０年代我国肿瘤发病率已上升为１２７例／１０万人。近年来我国每年新增肿瘤患者１６０万～１７０万人，死于恶性肿瘤人数达１４０万人，肿瘤患者总数估计在４５０万人左右。肿瘤患者中至少有１／３存在着不同程度的疼痛，其中晚期患者占６０％～９０％。\r\n　　市场加速洗牌\r\n　　由于止痛药使用领域及其广泛，所以各类药物的使用不能一概而论，但就医院处方板块分析，目前主要有四大类镇痛药，分别为阿片类镇痛药、非甾体类镇痛药、植物类镇痛药以及抗偏头痛制剂。非甾体类镇痛药原本是被寄予了厚望，在万络以及西乐葆等一批新型药物的带动下整个市场发展趋势非常喜人。１９９８年，全国１４个典型城市入网医院的非甾体抗炎药购药金额为９９０３．３万元，到２００２年已经增长至１４０２２．３万元（见表１）。\r\n　　不过由于非甾体类镇痛药的安全性问题，其市场有逐渐下滑的趋势，而阿片类药物则有上升的势头，相互市场取代现象比较明显。以使用较多的癌症镇痛为例，在２００２～２００４年样本医院镇痛类药物使用情况（见表２）中，阿片类镇痛药的市场分额由２００２年的６２．４％上升到２００４年的６８．４％。而非甾体类镇痛药的份额却从２００２年的３４．４％下跌至２００４年的２９．２％。\r\n　　在阿片类镇痛药中，目前主要由曲马多、芬太尼和吗啡３大品种领衔，这三大品种占整个阿片类药品使用金额的７０％以上（见附图）。\r\n　　芬太尼为人工合成的非衍生物类阿片药片，属于强阿片类镇痛药，ＷＨＯ将它归入第三阶梯镇痛药，其主要通过激动阿片类受体（μ受体）而发挥镇痛作用，止痛作用为相同剂量吗啡的５０～１００倍。吗啡主要用于晚期癌症患者第三阶梯止痛。从市场趋势来看，曲马多增长后劲十足，该产品是胺苯环醇类人工合成弱阿片类药物，镇痛强度在同等剂量时，相当于吗啡的１／５，但明显强于其他非类固醇抗炎药，适用于中、重度癌性疼痛，被ＷＨＯ列为癌痛三阶梯止痛治疗的第二阶梯推荐药物。该药与阿片受体的亲和力比吗啡弱６０００倍，基本不存在成瘾性，可以长期使用，因此在治疗剂量下，不产生呼吸抑制，不影响心血管功能，也不产生便秘、排尿困难等不良反应。由于该药的管制相对较松，除可以用于癌症疼痛的治疗外，还可以在骨关节炎、腰椎间盘突出症、肩关节周围炎、创伤、手术后疼痛和骨质疏松症所致的腰腿痛中使用。该类药在医保目录中属乙类药物，目前癌痛临床应用中多为缓释片。\r\n　　复合使用药物增长势头明显\r\n　　目前镇痛药市场还有一个明显的趋势就是越来越强调联合用药，根据２００５年前三季度典型医院用药情况显示，一些复合使用的药物增长势头明显，像氨基比林＋安替比林＋巴比妥，克痛宁＋曲马多＋布洛芬，羟考酮＋对乙酰氨基酚等。\r\n　　张克军也认为，鉴于止痛新药不断遭受安全性问题，复方用药将是镇痛药今后新产品开发的一个重要方向，一些新型的复方产品正显示良好的市场前景，目前选择的重点就是将一些原来在临床使用多年，疗效确切，安全性高的药组合在一起。像最近上市的氨酚曲马多片就是由阿片类和非甾体类使用最久的盐酸曲马多和对乙酰氨基酚组合在一起的复方产品，临床研究证实该药主要用于缓解中度及重度疼痛，起效迅速，镇痛效果明显，无成瘾性，不良反应相比其单方制剂和其他参比制剂明显更低，该产品２００１年８月在美国由ＦＤＡ批准上市。西安杨森在去年将该药引进我国，目前正在力拓市场。鉴于该产品在我国无相关产权保护，河南帅克制药在国内企业中抢先仿制了这个产品。张克军透露，该产品目前已经上市，有望培养成为一个镇痛药的大品种，或许依靠新型复方制剂可以参与重新划分止痛药市场的格局。');
INSERT INTO `sample` VALUES ('c00010', '12.txt', '三九医药（000999）和三九生化（000403）今日同时发布公告，三九医药转让三九生化38.11％股权事宜获得国资委批准，三九医药将所持有的三九生化6162.1064万股和1906.0936万股国有法人股分别转让给振兴集团有限公司和山西恒源煤业有限公司。\r\n　　协议签订一年后，股权转让终于取得重大进展，也为三九集团的重组工作打下更坚实的基础。但在这一年中，三九生化却发生了大变化。\r\n　　根据年报，三九生化2005年度亏损5.21亿元，而2004年亏损额为1.98亿元，同时，每股净资产由2004年的2.55元变为－0.05元，净利润和净资产发生大幅变动。但在双方签订的协议中，收购价格为每股2.55元。\r\n　　某券商投行人士认为，由于当时双方所签的协议价格是以2004年的审计报告为依据的，时隔一年，公司的审计结果发生重大变化，如果仍然用2004年的审计结果来进行交易似乎并不合适。\r\n　　也有业内人士认为，签订的协议具有法律效力，国资委的批准是协议生效的前提。如今既然已经获准，就应该按照协议的价格执行。\r\n　　此前三九生化发布的2005年度报告被审计机构出具了非标意见，14位公司高管也对年报表示质疑。围绕股权转让，相关各方不知是否还会发生争议。但业内人士评价，对公司而言，股权顺利转让，让公司步入正常发展的轨道，这才是最重要的。');
INSERT INTO `sample` VALUES ('c00010', '13.txt', '国家食品药品监督管理局南方医药经济研究所主办的首届“中国制药工业百强年会暨第三终端高峰论坛”将于5月15日-17日在成都举行。会议由《医药经济报》、广州标点医药信息有限公司承办。\r\n　　据主办方透露，年会将发布2005年医药产业的各项运行数据，包括2005年医药销售领先品种，2005年中药销售领先的企业、化学药销售领先的企业排名等。会上即将发布的制药工业百强排名，其数据采集和分析方法与往年不同。2004年的统计数据分别依照化学制剂生产企业、中成药生产企业、医药商业来统计，2005年则是将那些既有工业生产也有商业经营的企业集团作为一个单位来统计，以便彰显这些“医药巨头”在我国医药产业中的重要地位。\r\n　　会议主要议程还包括“2005中国最具影响力药企发布”、“第三终端高峰论坛等”');
INSERT INTO `sample` VALUES ('c00010', '14.txt', '一场史无前例的非典让股骨头坏死走进了人们的视线。据推测，我国每年的股骨头坏死新发病例在15万～20万之间，累积需治疗的病例在500万～750万之间。\r\n　　治疗股骨头坏死最理想的方法是保存患者自身股骨头，而达到此目的应早期诊断，早期治疗。\r\n　　目前股骨头坏死的早期诊断和治疗的有效方法仍是世界性难题。\r\n　　搜狐健康特邀北亚医院肖正权院长做客专家在线访谈间，与网友们谈股骨头坏死治疗方面的问题。\r\n　　　　访谈主题：股骨头坏死\r\n　　　　访谈时间：5月12日15:00-16:00\r\n　　　　访谈地点：搜狐健康专家在线访谈间（地址稍后公布）\r\n&lt;预先提问&gt;\r\n　　专家介绍\r\n　　院长简介：肖正权&nbsp;&nbsp;&nbsp;&nbsp;&nbsp; 　　主任医师，医学硕士&nbsp;&nbsp;&nbsp;&nbsp;&nbsp; 　　出身于著名中医世家，肖氏医学第九代传人，国家指定全国百名名老中医肖贯一教授的学术继承人，尽得其祖父真传。就读于黑龙江省中医药大学，是基础医学院院长李冀导师的硕士研究生。先后从师于世界骨伤联合会副主席、中国中医研究院博士生导师董福慧教授，中国工程院院士博士生导师程莘农教授。北京大学医院院长EMBA毕业。\r\n\r\n\r\n\r\n肖正权院长\r\n&nbsp;&nbsp;&nbsp; ');
INSERT INTO `sample` VALUES ('c00010', '15.txt', '全国治理医药购销领域商业贿赂专项工作正在轰轰烈烈地展开，却有骗子趁机诈骗医务人员。日前，广东省卫生厅向全省医务人员发出了“谨防有人利用打击商业贿赂诈骗”的提示。\r\n　　治理医药购销领域商业贿赂专项工作于3月底在全国拉开帷幕之后，各地卫生行政部门积极贯彻中央精神，部署专项治理工作。近来，广东省许多医务人员突然收到手机短信或者信件，被告知希望其认真自查自纠，将收受的红包和回扣款项主动上缴汇入某个指定账号，争取宽大处理。然而广东省卫生行政部门还没有设立回扣款上缴账户，更没有向医务人员发出过上缴款项的通知。为此，广东省卫生厅向全省的医疗机构和医务人员下发紧急通知，提醒谨防受骗上当。');
INSERT INTO `sample` VALUES ('c00010', '16.txt', '深圳一家医院近日与当地银行合作，推出大额医疗“免息分期付款”的服务项目。患者只要在银行办理一张信用卡，在医院就部分项目治疗时可享受分期付款的优待，利息则由院方支付。\r\n　　目前享有“免息分期付款”的对象被限定在有稳定经济来源的市民，而且医疗项目较窄。市民认为，大额医疗“免息分期付款”也应向困难市民推广，这样或可解决不能一次交足医疗费患者的一时之急，将付款压力分解，避免延误治疗。\r\n　　医院替患者掏利息\r\n　　对于在深圳工作不久的张先生来说，虽然每月有近7000元的稳定收入，但由于买房、买车实行的都是按揭贷款，每月的进账在支付银行贷款后虽有节余，但要一次性支付儿子两万多元的近视矫正手术费用，还存在资金不足的困难。\r\n　　不过，张先生已经决定在儿子高考结束后，通过“免息分期付款”的方式，在某医院为儿子实行手术。根据医院新近推出的“免息分期付款”医疗服务项目，他只要在银行开个信用卡，银行先替他“埋单”，他今后只要在约定的期限内把银行的钱还上就行。\r\n　　据率先在深圳市推出“免息分期付款”医疗服务项目的深圳某民营医院有关负责人介绍，近年来，在他们接诊的患者中，总有一些因为暂时费用问题不得不延缓治疗。因此他们一直在寻找一种能够解决这一问题的办法。当他们把这一想法与深圳市银联沟通时，立即得到了他们的支持，并决定联手推出“免息分期付款”服务。\r\n　　仅两项医疗服务可享此待遇\r\n　　与其他“按揭消费”不同的是，“免息分期付款”医疗服务手续极为简单，患者的诊疗费用只要在1500元至3万元之间，能支付首期600元的诊疗费，无需进行审批，刷一下约定银行的信用卡就可完成“贷款”过程。\r\n　　医院推出的“免息分期付款”服务，近期还暂时限定在眼科的准分子近视矫正手术和口腔科的治疗项目上。该院有关负责人介绍说，这样做除了基于积累经验，为今后推广做准备，并最大限度地控制风险考虑外，主要是考虑到这两个项目的费用相对较高，不能一次性付款者相对较多。\r\n　　无稳定收入难享“免息分期付款”\r\n　　作为一种新的医疗服务方式，“免息分期付款”一推出就引起部分市民的兴趣，尽管服务项目目前还比较狭窄，市民认为将来完全可以向其他医疗服务项目推广。\r\n　　记者了解到，目前能享有该项服务的还只是符合取得信用卡条件的患者。一般要有稳定的收入，收入低、真正困难的市民则因为不符合取得信用卡的条件，其大额手术暂难享此待遇。\r\n　　院方表示，这样做主要是避免医院承担收款风险。\r\n　　市民建议“穷人”治大病也可“分期付款”\r\n　　市民王先生认为，最需要“免息分期付款”服务的是家庭困难而又不幸患大病、急病的患者。现实生活中，医院经常碰到一些本来可以治愈的病人，病治到一半，因为费用问题，只好请求出院回家。对这样的病人，出于对自身经济利益的考虑，大多数医院多采取听之任之的态度。\r\n　　由于目前推行“免息分期付款”仅仅是民营医院，其“宣传”的意图还比较明显。希望国有医院也能考虑创新收费方式，真正让困难户也能看得起病。\r\n　　王先生建议，医院与银行可以考虑让贫困户提供担保，如房产担保、亲友担保、社会团体担保等方式获得救急款项，再“分期付款”还款。通过这种付款方式，将付款压力分解，避免延误治疗。');
INSERT INTO `sample` VALUES ('c00010', '17.txt', '牙防组事件再起风波，此次争议的核心是，口腔用品认证办法的管理对象应该是“保健”品还是“护理”品。\r\n　　本报独家获悉，4月24日，中国口腔清洁护理用品工业协会（原牙膏工业协会，下称“牙膏协会”）以书面形式向国家认证认可监督管理委员会（下称“认监委”）递交了一份文件，称如果把牙膏纳入认证，将不利于企业的发展。\r\n　　文件陈述了数条理由，诸如牙膏企业的每个产品都必须认证将会影响到生产和销售的效率等等。\r\n　　文件还称，即便必须认证，也应该是认证“口腔护理”用品，而不是“口腔保健”用品。\r\n　　4月13日，认监委发布了《口腔保健用品认证管理办法（征求意见稿）》。\r\n　　自发布之日以来，围绕这两个词的拉锯始终没有停止。而在意见征求期过后，卫生部法规司将根据程序将这个办法发布成为部颁标准。\r\n　　“如不采用‘保健’，而采用‘护理’，那么办法将失去意义。”江苏雪豹日化有限公司的董事长童渝于昨日向认监委提交了一份针锋相对的建议。\r\n　　据知情人士透露，牙膏协会如此激烈反对的原因是，一旦“保健”认证推行，将会由具备专业团队的相关单位来担当。而牙膏协会属于原轻工系统，缺乏这些资源。\r\n　　“所以他们更倾向于用‘护理’一词，可以名正言顺地把认证权纳入自己的管理范畴。”\r\n　　相对于强调牙膏功能性的“保健”，“护理”一词在字面的意义更倾向于清洁。前者的主管部门是卫生部门，后者则是牙膏协会。\r\n　　有消息人士称，现在已有数百家单位开始申请成为合法的牙膏认证机构。\r\n　　“最后的认证机构已经基本成型。”有关人士透露说，这个即将浮出水面的机构与卫生系统下属的全国牙防组有着紧密的“血缘”关系。\r\n　　在此之前的牙防组事件中，没有认证资格的全国牙防组违规认证十多年，被北京律师李纲告上法庭。此后，认监委紧急启动认证程序，目前最后的用词尚不明朗。');
INSERT INTO `sample` VALUES ('c00010', '18.txt', '国人为啥没有西方人高? \r\n　　饮食人类学家发现，旧石器时代的先祖们茹毛饮血，食肉和生食，身材比我们高大30％左右。今天的西方人，仍然喜欢吃带血丝的肉和生菜色拉，身材也仍旧比吃米面和爱烹调的亚洲人“大一号”。特别是阿尔卑斯山以北的日耳曼民族，分布在德国、荷兰和北欧等地，冬天长，睡眠久，喝鲜奶，食生肉，男人平均身高1.8米以上。其中，荷兰人又酷爱鲜奶和乳制品，人均身高为世界之最。 \r\n\r\n\r\n\r\n\r\n\r\n　　营养学家发现，谷物和薯类含凝聚素，影响蛋白的吸收和多胺的数量，会使生长缓慢，身材矮小。肉食比素食含有更丰富的营养和性激素原料，生食比熟食含有更多的生长激素原料。人的发育在12岁前主要靠生长激素，12~25岁主要靠性激素。营养和激素水平可以影响当代人身高，持续到四代以后可以显著改变遗传基因。\r\n　　在百万年漫长的冬夜里，北欧人世世代代长时间睡眠，分泌了充足的生长激素。同时大量的动物性生食提供了丰富的营养和性激素原料，这使得他们能够昂首全人类。在动物性食品中，牛奶含大量激素，它可以使小牛在数月里长高，也可以帮助乳糖酶充足的小孩在数年内长高。喝奶最多、乳糖酶充足的荷兰人，平均身高成为人类的“珠峰”。\r\n　　以下的最佳营养、睡眠和运动方式，会使你的孩子长得高：\r\n　　第一、最佳营养。\r\n\r\n\r\n\r\n\r\n　　多吃10类食品，包括鱼类、海鲜、海藻、肉类、蛋类、菌类、坚果、种子、蔬菜、水果，有些可生吃；多吃母乳，多喝鲜奶(如果乳糖酶充足)，不加热，以保证营养素和激素原料的摄入。\r\n　　早、晚是喝奶的最佳时机，早餐时喝奶，给一天的活力提供充分的营养保证；晚上喝牛奶，不但有助于睡眠，而且有助于人体对其营养成份的吸收。最佳营养 \r\n\r\n\r\n　　据美英两国医学专家研究发现，牛奶中含有两种过去人们未知的催眠物质，其中一种是能够促进睡眠的以血清素合成的色氨酸，由于它的作用，往往只需要一杯牛奶就可以使人入睡；另外一种则是具有类似麻醉镇静作用的天然吗啡类的物质。所以，如果在早晨饮奶，就必然会使人的大脑皮层受到抑制，影响白天的工作和学习。此外，早晨饮奶也不利于消化和吸收，这是因为牛奶的蛋白质要经过胃和小肠的分解形成氨基酸后才能被人体吸收，而早晨空腹状态下，胃、肠的排空是很快的，因此牛奶还来不及消化就被排到了大肠。再有，食物当中被吸收的蛋白质只有在热量充足的基础上才能构成人体组织的一部分，倘若热量不足，吸收的蛋白质就很快变成热量而被消耗掉了，这无疑是一种大材小用的浪费。 \r\n　　因此营养专家们认为，牛奶最好在傍晚或临睡之前半小时饮用。　　喝牛奶应当避误区　　牛奶含有丰富的营养，其中不但包括必需氨基酸，还有含量高且易吸收的钙，长期饮用对身体非常有好处。不过，饮用牛奶一定要讲究方式，以下是喝牛奶常见的误区，你一定要注意避免——— \r\n　　空腹喝牛奶　　空腹饮用牛奶会使肠蠕动增加，牛奶在胃内停留时间缩短，使内部的营养素不能被充分吸收利用。喝牛奶最好与一些淀粉类的食物，如馒头、面包、玉米粥、豆类等同食，有利于消化和吸收。 \r\n　　食物搭配不当　　牛奶不宜与含鞣酸的食物同吃，如浓茶、柿子等，这些食物易与牛奶反应结块成团，影响消化。 \r\n　　偏爱高度加工的牛奶　　高度加工后的牛奶，其营养价值不一定比鲜牛奶好。这是因为经过多次加工后，牛奶中大多加入了微量元素或无机盐，但这些成分并非每个人都需要补充，所以也就不一定适合每一个人。\r\n　　第二、睡眠充足。\r\n\r\n\r\n\r\n\r\n　　12岁以下睡眠8小时以上，以保证生长激素的分泌。最佳睡眠 \r\n\r\n　　睡眠或觉醒是正常的生理过程，但它不是人为能完全自主控制的活动，而是一个被动过程。它不像人体某些活动可按人的意志，说来就来，要止则止。失眠的人常常难以诱导师自己进入睡眠而苦恼。其实早期的轻度失眠，经过自我调理的办法就常可得益，具体归纳如下： \r\n　　平常而自然的心态。出现失眠不必过分担心，越是紧张，越是强行入睡，结果适得其反。有些人对连续多天出现失眠更是紧张不安，认为这样下去大脑得不到休息，不是短寿，也会生病。这类担心所致的过分焦虑，对睡眠本身及其健康的危害更大。 \r\n　　寻求并消除失眠的原因。造成失眠的因素颇多，前已提及，只要稍加注意，不难发现。原因消除，失眠自愈，对因疾病引起的失眠症状，要及时求医。不能认为：失眠不过是小问题，算不了病而延误治疗。 \r\n　　身心松驰，有益睡眠。睡前到户外散步一会儿，放松一下精神，上床前或洗个沐浴，或热水泡脚，然后就寝，对顺利入眠有百利而无一害。诱导人体进入睡眠状态，有许多具体方法，例如：放松功，已在民间流传，可以借助。此外，再介绍两种简而易行之法： \r\n　　闭目入静法。上床之后，先合上双眼，然后把眼睛微微张开一条缝，保持与外界有些接触，虽然，精神活动仍在运作，然而，交感神经活动的张力已大大下降，诱导人体渐渐进入睡意蒙胧状态。 \r\n　　鸣天鼓法。上床后，仰卧闭目，左掌掩左耳，右掌掩右耳，用指头弹击后脑勺，使之听到呼呼的响声。弹击的次数到自觉微累为止。停止弹击后，头慢慢靠近睡枕，两后自然安放于身之两侧，便会很快入睡了。 \r\n　　睡眠诱导。聆听平淡而有节律的音响，例如：火车运行声、蟋蟀叫、滴水声以及春雨淅沥淅沥声音的磁带，或音乐催眠音带，有助睡眠，还可以此建立诱导睡眠的条件反射。 \r\n　　饮热牛奶法。睡前饮一杯加糖的热牛奶，据研究表明，能增加人体胰岛素的分泌，增加氨酸进入脑细胞，促使人脑分泌睡眠的血清素；同时牛奶中含有微量吗啡样式物质，具有镇定安神作用，从而促使人体安稳入睡。 \r\n　　合适的睡姿。睡眠姿势当然以舒适为宜，且可因人而异。但睡眠以侧卧为佳，养生家曹慈山在《睡诀》中指出：“左侧卧屈左足，屈左臂，以手上承头，伸右足，以右手置于右股间。右侧卧位反是。”这种睡眠姿势有利于全身放松，睡得安稳。 \r\n　　若疲劳而难以入睡者，不妨食用苹果、香蕉、橘、橙、梨等一类水果。因为，这类水果的芳香味，对神经系统有镇静作用；水果中的糖分，能使大脑皮质抑制而易进入睡眠状态。 \r\n　　若因出差在外，不适应环境而致失眠时，应先有思想准备，主动调适，有备无患，不致因紧张担心睡不好。同时还可采用以上助眠之法，则可避免失眠。最佳运动 \r\n\r\n　　第三、足量运动。\r\n\r\n\r\n\r\n\r\n　　尽量在户外，每天运动几个小时以上，以增加各种营养物质，包括维生素D、钙和“太阳能”的形成和吸收，促进骨骼和肌肉的快速生长。\r\n　　身高能否如意，取决于几个因素，首先是遗传因素，占70％，此外，取决于其他条件，包括运动、营养、环境和社会因素等。为了让孩子长得更高一点，家长应注意以下几点：　　一、莫错过生长快速期　　在儿童少年青春发育过程中，何时身高长得最快呢?研究证实，绝大多数中国汉族儿童的身高突增高峰为女童12岁左右、男童14岁左右；90％以上女童身高增长最快的年龄在11～13岁之间，男童为13～15岁之间。为了让孩子长得高一些，家长尤其应注意孩子在生长快速期的营养、运动等问题。}&nbsp;　　二、应注重营养补充　　营养是儿童体格生长的关键。体格正常生长所需的能量、蛋白质和氨基酸，必须由食物供给，主要是肉、蛋、豆及豆类食物。骨的形成还需要足够量的钙、磷及微量的锰和铁。钙的摄入不足及维生素D缺乏时，会造成骨矿化不足，维生素A缺乏会使骨变短变厚，维生素C缺乏会使骨细胞间质形成缺陷而变脆，这些都会影响骨的生长。&nbsp;　　目前一般家庭在有荤有素的饮食中，营养应该是全面及足量的，家长应该注意不要让孩子养成偏食的习惯，更不要让孩子过多地吃零食而影响重要营养物质的摄入。　　三、莫忽视运动锻炼　　体育运动可加强机体新陈代谢过程，加速血液循环，促进生长激素分泌，加快骨组织生长，有益于人体长高。以下几种运动对增高有一定效果，不妨一试。　　1.悬垂摆动 \r\n利用单杠或门框，高度以身体悬垂在杠上，脚趾刚能离开地面为宜。两手握杠，间距稍大于肩宽，两脚并拢，随即身体前后摆动，幅度不要过大，时间不宜过久。练习最好安排在每天早晨，身体尽量松弛下垂，保持20秒钟，男青年应做10～15次，女青年应做2～6次。　　2.跳起摸高 \r\n跳起时用双手去摸预先设置的物体，可以是路边树枝、篮球筐或天花板。双脚跳跃，做30次。休息片刻，左右脚分别单脚跳跃，方法同上。　　3.球类活动 \r\n打篮球时积极争抢篮板球，跳起断球；打排球时尽量跳起，多做扣杀和拦网动作；在足球运动中多练跳起前额击球动作。　　4.跳跃性练习 ');
INSERT INTO `sample` VALUES ('c00010', '19.txt', '9日在京举行的世界卫生组织慢性病全球报告中文版首发式上，卫生部公布了中国慢性病情况。其中一个令人瞠目的数字是，目前全国约有3．5亿吸烟者，2000年由吸烟导致的死亡人数近100万人，超过艾滋病、结核、交通事故以及自杀死亡人数的总和，占全部死亡人数的12％。\r\n　　卫生部警告说，如不采取控制措施，预计到2020年时这个比例将上升至33％，死亡人数将达到200万人，其中有一半人将在35－64岁之间死亡。\r\n　　2002年我国男性吸烟率为66．0％，女性吸烟率为3．08％，与1996年比，尽管吸烟率略有下降，随着总人口的增加，吸烟人数仍然增加了3000万人。\r\n　　吸烟对青年十分有害，因此，应尽早戒烟。戒烟方法很多，下面十二种戒烟法，可供少年吸烟者试一试：　　(1)特意在一二天内超量吸烟（每天吸两包左右），使人体对香烟的味道产生反感，从而戒烟；或在患伤风感冒没有吸烟欲望时戒烟。　　(2)想象自己在吸烟，同时想象令人作呕的事情（比如你手中烟盒或香烟上有痰渍等等）。　　(3)将戒烟的原因写在纸上，经常阅读；如能可能，尽量补充新内容。　　(4)将想购买的物品写下来，按其价格计算可购买香烟的包数。逐日将用来购买香烟的钱储存在“聚宝盆”内。每过一个月，清点一次钱数。　　(5)同朋友打“赌”，保证戒烟。当然这要用自己的烟钱作为 “赌注”。　　(6)不整条买烟。\r\n&nbsp;&nbsp;&nbsp; 相关事件:\r\n&nbsp;&nbsp;&nbsp; 卫生部：我国青少年吸烟人数高达5000万\r\n&nbsp;&nbsp;&nbsp; 9日在京举行的世界卫生组织慢性病全球报告中文版首发式上，卫生部公布的中国慢性病情况表明，目前中国青少年吸烟人数高达5000万人。&gt;&gt;&gt;全文\r\n&nbsp;&nbsp;&nbsp; 与潜意识对话 临床催眠治疗能帮助戒烟\r\n&nbsp;&nbsp;&nbsp; 美国科学家最近经研究发现，在正规的临床催眠师帮助下接受催眠治疗，有可能帮助吸烟者成功戒烟且长时间保持戒烟状态。&gt;&gt;&gt;全文\r\n&nbsp;&nbsp;&nbsp; 生活习惯影响烟瘾 晚睡早起的人烟瘾更大\r\n&nbsp;&nbsp;&nbsp; 据最新一期《国际生物钟学》期刊研究显示，德国科学家发现，早晨起床时间在5点之前、晚上11点之后睡觉的人更容易吸烟！&gt;&gt;&gt;全文');
INSERT INTO `sample` VALUES ('c00011', '10.txt', '中国游客在马来西亚 \r\n&nbsp;&nbsp;&nbsp; 中国“旅游休闲”商机，正从东南亚向东北亚“扇形展开” \r\n&nbsp;&nbsp;&nbsp;&nbsp;新华网北京5月6日电(记者钱春弦)5月2日，从事服装设计的胡明明第四次飞往泰国普吉岛度假。黄金周对她而言，就是躺在普吉岛沙滩上，晒一周太阳。作为中国公民最早的旅游目的地代表景点，普吉岛代表了东南亚国家在中国消费者心目中的独特地位：回头客越来越多。 \r\n中国游客涌至，“标志”泰国从海啸中复苏 \r\n&nbsp;&nbsp;&nbsp;&nbsp;泰国国家旅游局的数据显示，2005年前往普吉的中国旅游者达10万人次左右，预计2006年这个数字将突破15万，从而成为泰国南部旅游业在印度洋海啸后全面恢复的“重要标志”。 \r\n&nbsp;&nbsp;&nbsp;&nbsp;中国国家旅游局等权威部门的数据显示，“五一”期间，除港澳特区游外，中国公民出境旅游的主要目的地仍然是周边国家，而东南亚国家是首选之地。目前，中国游客已经成为新加坡观光、饭店、百货、餐饮业提高利润，增加就业的支柱。 \r\n&nbsp;&nbsp;&nbsp;&nbsp;新加坡雄心勃勃要成为中国旅游者中转站。世界旅游组织预测，未来10年中国将成为世界主要旅游强国，成千上万前往非洲、印度洋国家的中国游客，将是使新加坡成为世界航运中心的重要因素。 \r\n&nbsp;&nbsp;&nbsp;&nbsp;与喜爱“老地方”的胡明明不同，喜欢新奇的安新“五一”去了柬埔寨。在中国政府帮助维护当地文化古迹同时，这些古迹又吸引了中国旅游者，他们的消费，正成为这个中国邻邦的收入来源之一。 \r\n\r\n5月4日，一名小朋友乘坐摩托艇在海上兜风。新华社发 \r\n俄罗斯、蒙古游成为今年新亮点 \r\n&nbsp;&nbsp;&nbsp;&nbsp;东南亚国家打出“山水相连”牌，韩国和日本旅游界则希望以“文化渊源”赢得中国“休闲商机”。在《大长今》、“韩流”等文化因素刺激之下，中韩两国之间的航线变得越来越繁忙。就在“五一”前，大韩航空宣布计划5年内将韩中航线增至50条。而中韩日三国各自的经济中心上海、釜山、大阪开始致力于发展旅游业“黄金大三角”，并计划在“五一”后以“三驾马车”联袂去欧洲营销。 \r\n&nbsp;&nbsp;&nbsp;&nbsp;旅游交通经济分析师刘斌说，2006年“五一”黄金周，中国周边旅游的新亮点是俄罗斯、蒙古国。随着夏季到来，北亚风光呈现出独特的吸引力。俄、蒙两国也已开始设法“分享”中国的“休闲商机”了。目前，俄罗斯专门为中国旅游者成立的“无国界世界”协会正全力以赴利用中俄两国互办“国家年”的机遇，吸引更多中国游客“北上消费”。 \r\n&nbsp;&nbsp;&nbsp;&nbsp;旅游观察家指出，中国“旅游休闲”商机，正从东南亚向东北亚“扇形展开”，并惠及越来越多的邻邦。 \r\n&nbsp;&nbsp;&nbsp;&nbsp;“五一”前后，中国南方航空股份有限公司开通北京至伊尔库兹克航线，这是南航开辟的第五条中俄国际航线。海南[图库]航空也宣布要开通圣彼得堡航线。中国公民周边旅游从东南亚向东北亚“扇形展开”，航空业界则“春江水暖鸭先知”。 \r\n&nbsp;&nbsp;&nbsp;&nbsp;刘斌认为，目前东南亚抢得中国“休闲潮”之先，可以为中国东盟经济贸易一体化“推波助澜”。东北亚地区作为中国主要客源市场，“双向流动”将催生“东北亚旅游圈”，从而与东南亚旅游圈南北呼应。可以预测，这一扇形最终将由东北向西北，经中亚、南亚在中国的大西南地区实现东南旅游圈与南亚旅游圈的接合。这样，中国人的休闲不仅将成为所有周边国家的商机，而且将成为中国与这些国家睦邻友好的“休闲纽带”。 ');
INSERT INTO `sample` VALUES ('c00011', '11.txt', '【据新华社北京5月6日电】2006年“五一”黄金周，以新马泰为主的东南亚地区继续成为中国公民出境旅游休闲的主要目的地，与此同时韩国、日本观光界大力推动“东北亚旅游圈”以吸引中国游客；俄罗斯、蒙古国也加入争抢中国游客的行列。中国国家旅游局的数据显示，“五一”期间，除港澳特区游外，中国公民出境旅游的主要目的地仍然是周边国家，而东南亚国家是首选之地。(编辑小娜)');
INSERT INTO `sample` VALUES ('c00011', '12.txt', '2006年3月底至4月初，在中国最大的出境旅游展——上海世界旅游资源博览会上，日本有关机构在进行宣传。伴随着“五一”黄金周的到来，许多中国游客走出国门，开始了他们的海外之旅。中国的黄金周不仅使国内旅游市场出现高潮，也为国外旅游业创造了商机。西班牙埃菲社日前报道说，一年3次的黄金周给国内外旅游者带来了良机。2005年，中国人外出旅行达到12亿人次，出境旅游达3200万人次。这个“亚洲巨人”已经是世界上最大的国内旅游市场。到2020年，中国将成为全球第四大旅游客源输出国。与世界其他旅游国家一样，西\r\n　　班牙希望来自中国的游客能大量增加。但要实现这一目标，必须具备拥有接待中国游客的专门人才和开通到中国的直通航线等条件。\r\n　　中国游客的足迹遍布全球\r\n　　埃及的金字塔、尼罗河及南方卢克索的帝王谷、王后谷等，都是中国游客的必游之地，有着无穷的神秘感和吸引力。记者在采访中了解到，“五一”黄金周期间到埃及的中国游客人数比较平稳。因为现在埃及天气逐渐变得炎热，不是旅游的最佳时节。在金字塔前，一对年轻中国夫妇激动地告诉记者，他们从小就对金字塔心驰神往，现在终于如愿以偿，感觉就像在做梦。一名在外企工作的中国男子说：“新马泰我都去过了，也常去欧洲出差，但感觉还是埃及比较神秘，令人向往，以后有机会还想再来。”\r\n　　由于今年三四月份泰国政局动荡，许多游客都取消了原定计划。所以，今年“五一”黄金周期间来泰国的中国游客不是特别多。泰国旅游局局长朱塔玛·丝瑞婉在“五一”前专门带着新线路和各种优惠折扣到上海搞活动，吸引中国游客。记者4月30日返回泰国前特地到中国银行北京分行打听了泰铢的兑换情况。平时泰铢是冷门币种，但这几天换的人特别多。与记者同机的一对香港夫妇说：“上次来，1港元能换5铢，现在只能换4铢多。”\r\n　　就像外国人到中国不能不逛故宫一样，地处曼谷老城区的大王宫，是来泰国的外国游客的必去景点。“五一”黄金周第二天，记者来到大王宫，一位名叫帕拉提的讲解员谈到中国游客时很兴奋，他用不怎么流利的汉语笑着说：“中国游客最多，是No.1，其次才是日本和韩国的游客。我是个英语讲解员，但中国游客太多了，我不得不学习汉语。”\r\n　　印度时代旅游有限公司的总经理瑞佳·纳亚尔介绍说，中国游客到印度旅游一般有3条线路：第一条就是北部印度金三角游；第二条是佛教圣地游；第三条是南部印度水乡游。她说，该公司近几年平均每年要接待不下30个中国旅行团，中国游客最想看的是印度神秘而多样的文化，然后是自然的风光。高72.56米的库塔布塔是印度最高古塔，是印度教文化和伊斯兰教文化交融的建筑。在该景区，记者遇到了一个来自上海的旅游团。领队吴女士告诉记者，近几年，来印度的中国游客特别多，尤其是在春节和国庆节前，报名来印度旅游的电话整天响个不停。“五一”期间，印度的天气特别热，泰姬陵里不让穿鞋，人们走在大理[图库]石地面上就好像踩在火盆上，所以游客并不多。尽管如此，来印度旅游的中国人还是比以前多了不少，据中国东方航空公司驻印度办事处的朱先生介绍，3年前在“五一”期间从北京飞往新德里的航班有一半座位是空的，现在，还不到“五一”航班就满员了，其中绝大部分乘客都是来旅游的。\r\n　　各国准备迎接更多中国游客\r\n　　中国正式开办公民出境旅游开始于1997年，当年的出境人数为532万人次，而2005年已达3100多万人次。面对中国游客人数的迅猛增长，各国都表现出了极大的热情，千方百计吸引中国游客。\r\n　　法国旅游业和服务业非常了解中国的节假日，每逢黄金周，都会提前做好准备。新年时，埃菲尔铁塔上有专人向登塔的中国游客赠送印有“恭喜发财”和“新春愉快”等字样的纪念品。“五一”期间，中国游客获赠的则是法国的五一节鲜花——玲兰花。不仅国家旅游机构对中国游客十分关注，地方上也是如此。为提供更好的旅游环境，鲁昂专门开设了中文网站，伊勒－维莱讷省政府也准备设立办公室专门负责与中国游客有关的事务。\r\n　　自从2004年欧洲向中国游客敞开大门以来，中国游客的人数与日俱增。据法国政府机构的统计，目前中国游客不仅在人数上已超过日本和美国，成为欧洲最大的外国游客群，消费能力也已超过了这两个国家的游客。2005年，来法国的中国游客达到60万人次，预计到2008年，将达到100万人次。埃菲尔铁塔、卢浮宫、香榭丽舍大街、巴黎圣母院、凯旋门和红磨坊等地都是中国游客的必去之处。巴黎的一些街道现在基本变成了中国人的免税店，那里很多店铺都是华人经营的，如果是法国人开的店铺，十有八九都有华人售货员。\r\n　　埃及对接待中国游客很重视，在金字塔等主要景点，不但配有中文版的导游册，而且说中文的埃及导游也越来越多。埃及人认识到，欧洲、美国是他们的主要游客源，但这些国家的旅游市场基本都饱和了。正是看中了中国客源的巨大潜能，埃及才加大了吸引中国游客的力度。\r\n　　日本政府提出“观光立国”战略，将中国列为最重要的游客来源国，并采取各种措施吸引中国游客。去年，日本全面开放了中国游客团体游。2006年春节，日本方面在位于富士山麓的“富士乐园”为中国游客举行了专场活动，与游客一起庆祝新春佳节。日本的许多旅游景点都设置了中文标志，并附有中文解说和广播，一些面向外国游客的免税商店或购物中心还聘请了能讲普通话的服务员和导购小姐。尽管日本的地名基本上都用汉字标写，但东京等主要城市的地铁车站还是增添了简体中文标志。此外，日本的金融机构还积极同中国银行业合作，有银联标志的中国银行卡目前可以在日本主要饭店和商店刷卡消费。\r\n　　印度旅游部一名官员说，去年到印度来的中国游客有5万多人，尽管这个数字和10多亿人口相比实在是不值一提，但还是比前几年增长了很多倍。印度旅游部长乔杜里最近常说这样一句话：“中国是印度旅游业一个潜在的巨大市场，我们要想方设法把中国游客吸引过来。”印度旅游部最近在中国举办了“印度道路展”和“印度旅游研讨会”，在中国媒体上投巨资做旅游广告，向各旅行社发放旅游手册，并正努力在北京设立代表处。');
INSERT INTO `sample` VALUES ('c00011', '13.txt', '世界的旅游业越来越熟悉一个新名词——中国的黄金周。每到这个时候，中国都会迎来一次旅游高潮，一直席卷周边甚至更为遥远的一些国家和地区，使他们也跟随着这种固定的周期迎来一个个旅游、消费旺季。\r\n　　尽管出入境管理部门尚未公布具体数字，全国假日办负责人预测说，今年“五一”黄金周，出境旅游规模很可能超过去年“五一”黄金周1000多万人次的水平。\r\n　　中国游客涌来\r\n　　“标志”泰国从海啸中复苏\r\n　　5月2日，从事服装设计的胡明明第四次飞往泰国普吉岛度假。黄金周对她而言，就是躺在普吉岛沙滩上，晒一周太阳。作为中国公民最早的旅游目的地代表景点，普吉岛代表了东南亚国家在中国消费者心目中的独特地位：回头客越来越多。\r\n　　泰国国家旅游局的数据显示，2005年前往普吉的中国旅游者达10万人次左右，预计2006年将突破15万，从而成为泰国南部旅游业在印度洋海啸后全面恢复的“重要标志”。\r\n　　目前中国人出境游基本都是第一次出国，因此更看重价格。“中国人喜欢出访大城市，且往往都是走马观花，到哪里都要先照相。”一旅行社总经理助理郭明告诉记者。出境爱购物可能是中国人出境游的又一大特色。\r\n　　俄罗斯、蒙古游\r\n　　国人今年出游“新亮点”\r\n　　东南亚国家打出“山水相连”牌，韩国和日本旅游界则希望以“文化渊源”赢得中国“休闲商机”。在《大长今》、“韩流”等文化因素刺激之下，中韩两国之间的航线变得越来越繁忙。就在“五一”前，大韩航空宣布计划5年内将韩中航线增至50条。\r\n　　旅游交通经济分析师刘斌说，2006年“五一”黄金周，中国周边旅游的新亮点是俄罗斯、蒙古国。随着夏季到来，北亚风光呈现出独特的吸引力。目前，俄罗斯专门为中国旅游者成立的“无国界世界”协会正全力以赴利用中俄两国互办“国家年”的机遇，吸引更多中国游客“北上消费”。\r\n　　羡慕黄金周\r\n　　印度日本都“心动”了\r\n　　旅游观察家指出，中国“旅游休闲”商机，正从东南亚向东北亚“扇形展开”，并惠及越来越多的邻邦。\r\n　　刘斌认为，目前东南亚抢得中国“休闲潮”之先，可以为中国东盟经济贸易一体化“推波助澜”。东北亚地区作为中国主要客源市场，“双向流动”将催生“东北亚旅游圈”，从而与东南亚旅游圈南北呼应。这样，中国人的休闲不仅将成为所有周边国家的商机，而且将成为中国与这些国家睦邻友好的“休闲纽带”。\r\n　　从发展旅游经济的角度来说，中国的黄金周无疑让各国羡慕。印度的一家报纸曾对中国政府“聪明并且执行有力的黄金周政策”大加赞赏，认为印度政府应当向中国学习。而日本为了促进旅游、拉动内需，也修改了“节日法”，人为地制造出更多的长假，方便人们外出旅游或安排各种休闲活动。（新华每日电讯）\r\n　　新闻链接\r\n　　悉尼\r\n　　“处处是中国人，还以为回国了”\r\n　　“到悉尼来旅游，到处都能看到中国人的面孔。要不是看到外国人多点，还以为又回到了中国呢！”一位来自北京的张姓游客说。\r\n　　这也是不少中国游客初到澳大利亚时的感觉。去年，有28万中国游客赴澳旅游，占来澳游客总数的5.2%。\r\n　　在去年12月澳大利亚联邦政府发布的旅游战略中，中国被认为是澳旅游业增长最快的市场。据澳旅游业预测委员会预计，中国到澳大利亚旅游的人数将以每年16.5%的速度增长，到2014年，将会有110万中国游客来澳旅游，澳大利亚每7名游客中就有1名中国公民。届时，中国将有望成为澳大利亚最大的客源国，中国游客每年将为澳旅游业贡献60亿澳元。\r\n　　巴黎\r\n　　中国人不再“上车睡觉下车拍照”\r\n　　四五月份本是中国人赴法旅游的淡季，但“五一”长假却是淡季中的旺季，法国各大华人旅行社在此期间接待的中国游客数量几乎是平时的两倍。而中国人对赴法国乃至欧洲旅游的观念也发生改变。\r\n　　据法国文华旅行社总经理陈超英介绍，过去，中国游客总想在最短时间内以最少费用游览到最多数量的法国及其周边国家景点。一时间，“上车睡觉，下车拍照，一问什么都不知道”这段顺口溜成了此类贪多求全的旅游方式的生动写照。\r\n　　几年过去，随着出境游机会增加，越来越多的中国游客迷上了欧美游客所青睐的休闲游和主题游。陈超英说，以文华旅行社为例，参加休闲游和主题游的中国游客三年前只占中国游客总数的5%，现在已占到了30%，预计三年后将达到50%左右。他说，这不仅说明中国游客的消费能力提高，也说明他们的消费心理趋于成熟。');
INSERT INTO `sample` VALUES ('c00011', '14.txt', '时报讯 昨天是五一黄金周的最后一天，游客们纷纷踏上了回家的旅程，宁波各大景区全面“退烧”。而此时，宁波的各大餐饮商场负责人却喜笑颜开。\r\n　　宁波市假日办统计数据显示，7天时间内，宁波市共接待游客216．3万人次，创历年五一黄金周新高。全市旅游总收入达12．9亿元人民币，同比增长12．5%。也就是说，游客在宁波的人均旅游单项消费近600元。\r\n　　随着人们旅游需求层次的提高，旅游正从观光时代转向休闲时代，这个特点在今年更为明显。“吃农家饭、住农家屋、学农家活、享农家乐”，乡村旅游景区成为了热点。\r\n　　从宁波市接待的游客分布情况分析，大部分来自省内周边地区和上海、江苏等地，景区内各地牌照的私家车成为亮点和看点，特别是随着高速公路网络的完善，来自长三角地区、福建、江西等地的私家车明显增多，宁波市已成为长三角地区一个重要的旅游目的地。\r\n　　今年的五一黄金周，宁波游客的出游观念趋于理性。和去年相比，出境游人数下降，国内游人数增长，但长线游的人数增长幅度不大，短线游和休闲度假线人气旺盛。宁波市民长线游主要集中在北京、海南、桂林[图库]、西安[图库]、大连[图库]、香港等地，长三角周边景点成为短线游的热点。甬金高速开通以后，往金华、江西方向的游客数量也呈快速增长态势。');
INSERT INTO `sample` VALUES ('c00011', '15.txt', '新华报业网讯 “五一”黄金周昨天结束。从南京[图库]市旅游局和统计局的统计数据来看，今年“五一”黄金周旅游的主要指标再次创下新高。七天里，南京共接待旅游者274万人次，较上年同期增长22.3%；实现旅游收入18.95亿元，较上年同比增长25.2%，多收入3.8亿元。全市旅游接待人次及旅游收入双双刷新了南京历届黄金周的最高纪录。\r\n　　黄金周里，记者截取不同时间段、针对不同采访对象进行了调查，对整个黄金周的旅游进行了全方位的盘点。\r\n　　周边短线游客数量明显增加\r\n　　数据：七天长假里，南京外出旅游度假的人数在百万以上，其中周边景点接待人数已经出炉：溧水傅家边农业科技观光园每天接待游客在千人以上，江心洲七天吸引了4万游客，浦口帅旗农庄每天接待游客人数同比增长30%，八卦洲接待游客2万人次，是去年同期的1.5倍，金牛湖接待游客2.1万人次，浦口珍珠泉旅游度假区接待游客12万人次，老山森林公园接待游客近2万人次，高淳瑶池山庄及迎湖桃园接待量超过5万人次。\r\n　　解析：今年“五一”，出境游、国内游的人数都比去年同期增长，特别是南京周边的景点由于交通、服务设施逐步完善，把很多游客都留在了本地。另一方面，现代人休闲度假方式趋向多元化，花一两天用于本地游或短途旅游，其他时间还可参加健身、看碟、上网等其他活动，比整个假期都在外旅游的方式更加丰富。\r\n　　随着今年“农家乐”快速兴起，市民流向城郊乡村成为“五一”黄金周旅游新热点。\r\n　　景区接待游客数量再攀高点\r\n　　数据：“五一”七天，南京主要旅游景区点共接待游园人次425万，较上年同期增长24%。一些新景区点也迎来了如潮的客流，绿博园“五一”期间接待游客突破14万人次，奥体中心每日的人流量在1.5万人次左右，阅江楼接待游客5.6万人次。\r\n　　解析：大批游客蜂拥各大景区，景区门票收入大赚了一把，每天接近饱和的客流量对服务水准也提出更高要求，各景点基本能让游客满意而归。尽管如此，一些热门景点还是人满为患，游玩质量下降在所难免。从统计数据看，长假里主要景区的外地游客占8成以上，20％的本地游客其实完全也可以选择近郊的其他景点度过假期。\r\n　　跟旅游团出游比例再次减少\r\n　　数据：全市旅行社组团出游5.4万人次，接团6.8万人次，均较去年同期有了显著的增长。\r\n　　解析：因为各景点为游客提供的服务设施更加到位，交通、住宿、餐饮更加便捷，游客不跟随团队同样可以轻松出游，不会有太多不便；走马观花的玩法使每个景点都不能细细观赏体会，这与现代人喜爱无拘无束、追求轻松舒适的旅游偏好已经不相适应。\r\n　　经济型酒店成自助游客首选\r\n　　数据：“五一”期间，南京旅游星级饭店平均客房入住率在80％以上，客房的周转次数和利用率达到最大化，除了节前的团队预订，宾馆适度预留的散客房间与市场需求基本吻合，旅游宾馆基本处于最佳接待状况。\r\n　　解析：随着旅游市场走旺，游客对旅游舒适度要求更高，高端游客和豪华旅游团越来越多，于是星级酒店也能分得黄金周旅游的一杯羹。而100多元的价位，服务标准化的经济型酒店，近年来成为大量自助游客的首选。');
INSERT INTO `sample` VALUES ('c00011', '16.txt', '黄金周里，哈尔滨[图库]市中央大街俄罗斯文化节盛装开幕。文化节历时5个月，期间将举办中俄艺术作品展、俄罗斯绘画作品展、俄罗斯民乐巡展等6大主题活动。　王世义本报记者杜怀宇 摄 \r\n\r\n\r\n\r\n\r\n\r\n\r\n\r\n\r\n\r\n\r\n　　“五一”黄金周，游人在镜泊湖畔欣赏到了漫山遍野的映山红。　　张克非 摄 \r\n\r\n\r\n\r\n\r\n\r\n\r\n\r\n\r\n\r\n\r\n“五一”黄金周,五大连池[图库]风景区迎来旅游高峰。\r\n　　接待人数比去年同期翻了一番。\r\n　　本报记者 司汉科 摄\r\n　　春回大地,花草初绽，黑龙江涌动着勃勃生机。据省假日办统计，“五一”黄金周我省接待国内游客179.6万人次，国内旅游收入8.08亿元人民币，分别比去年同期增长6.02％和9.2％；接待入境游客1.85万人次，旅游外汇收入552万美元，分别比去年同期增长12％和15％。黄金周期间无重大旅游安全事故和旅游投诉，各重点旅游城市和各大景区景点欢声笑语，秩序井然，今年“五一”黄金周旅游呈现出以下几大特点:\r\n　　黄金周热提前\r\n　　黄金周热的提前出现是今年“五一”黄金周最突出的特点。\r\n　　\r\n　　虽然今年我省气温低于往年，但由于省内各级旅游部门提前进行市场预热和宣传，黄金周旅游市场非但没受到影响，反而更胜往年，且提前火了起来。\r\n　　为充分享受春回大地的休闲惬意，各地市民纷纷避开黄金周高峰提前出游。4月中旬以来，进出我省的游客明显增多，五大连池、扎龙自然保护区[图库]、牡丹江镜泊湖等地都提前迎来了省外大型旅游团队。哈尔滨太平国际机场运送旅客8000余人次，比去年同期增长35％。\r\n　　黄金周的火热趋势在“五一”期间得以延续且更加火爆。据省旅游局行业管理处处长王洪国介绍，“五一”期间，省内多家旅行社分别组织了百余人的团队来我省旅游，游客以俄罗斯、韩国、东南亚以及台湾、湖北、辽宁、四川、重庆等地为主。今年黄金周旅行社出游组团量与去年同期持平。北京、沈阳、千山、大连、华东五市等短线旅游较为火爆，因电视剧热播而闻名国内的山西乔家大院旅游线路异军突起，游客报名踊跃；长线游以海南、四川、云南三线为主，出境游以港澳、韩国、日本、东南亚四线增幅明显。\r\n　　省内游成主旋律\r\n　　今年“五一”期间我省春光明媚，各地草木返绿，处处洋溢着生机与活力。许多避开出行高峰的旅游者，选择一半时间在家休息，一半时间踏上经济实惠、轻松温馨的省内游。长假期间，80％的龙江旅游者选择到省内著名旅游景区及居住地附近的景区观光休闲，“龙江人游龙江”成为今年我省黄金周旅游的主旋律。\r\n　　黄金周期间，省内著名旅游景区（点）纷纷举办特色活动，游客接待量均创历史最好水平。太阳岛风景区的俄罗斯歌舞风情表演、当代顶级艺术家代表作品展、俄罗斯商品展销等主题活动截至5月6日引来游客5.52万人次，门票收入127.8万元，分别比去年同期增长76.9％和413.3％。哈尔滨极地馆新编排的白鲸、海狮等动物表演，吸引游客日均万余人，其中绝大多数为省内游客，俄罗斯团队比春节黄金周有大幅增长。龙珠二龙山举办的“首届哈市大学生千人登山大赛”，吸引游客1.66万人次，同比增长8.5％。五大连池达子香旅游节吸引游客1.2万人次，门票收入30.76万元。截至5月6日，哈尔滨游乐园接待游客17万人次，门票收入154万元，同比增长209％和42.5％；扎龙自然保护区接待游客1.41万人次，门票收入28.2万元；兴凯湖接待游客1.35万人次；虎头经济开发区接待游客2.5万人次；大庆油田乐园接待游客1.29万人次。\r\n　　乡村游备受青睐\r\n　　龙江乡村“五一”不寂寞。在我省乡间公路上车来车往，尽是乡村旅游者，有自驾车友朋相邀的，也有乘大客车全家出行的。我省18家农业旅游示范点风格各异，哈尔滨市郊、齐齐哈尔、牡丹江、伊春等地的清新朴实的山野民舍、北方少数民族风情小屋、大湿地休闲别墅，吸引了众多省内外游客。他们或登山踏青，或采摘野菜，或徜徉水边，或赏民族歌舞，品味农家炖菜，尽情享受世外桃源的悠闲与恬静，体会与都市生活不一样的村野情趣。香炉山、帽儿山、松峰山、兴十四村、牡丹江朝鲜屯、铁力年丰朝鲜民族自治乡、同江街津口赫哲村等地“五一”七天宾客盈门。许多游客自主设计乡村旅游线路，一路游览多处乡村，给当地农民带来了可观的经济效益。\r\n　　黄金周期间，哈尔滨市几家大的汽车租赁公司生意火爆，面包车、越野车等车型被抢订一空。玉泉狩猎场、长寿山、横道河子、五营森林公园、街津口赫哲族渔村等景区接待自驾车游客平均比去年同期增长了10％。\r\n　　（黑龙江日报）');
INSERT INTO `sample` VALUES ('c00011', '17.txt', '本报讯（见习记者 张昱）5月8日，记者从银川市旅游局获悉，该市列入2006年五一黄金周数据统计范围的21家旅游景区，共接待游客17.6万人次，门票收入454.18万元，分别比上年同期增长14%和24%。\r\n　　记者了解到，银川市今年五一期间，接待外来游客13.76万人次，旅游收入4180.34万元，比上年同期增长了21.24%和32.5%。其中，过夜旅游者5.78万人次，旅游收入2987.97万元，比上年同期增长21.4%和30.7%；一日游游客7.98万人次，旅游收入1192.37万元，比上年同期增长21%和37%；旅行社累计接团321个，累计接待人数1.21万人次，比上年同期增长7%和4%。\r\n　　五一黄金周，银川市各旅行社累计组团310个，出游7734人次，主要出游目的地有山东、河南、北京、广州[图库]、四川、山西、陕西、青海、海南、云南、桂林[图库]等地。有来自北京、四川、安徽、大连[图库]等地的4个旅游包机和6个旅游专列抵达银川。出境游有港澳、日本、韩国、新马泰等地。黄金周期间，银川接待海外游客63人，分别来自泰国、日本、荷兰、美国、德国等国家。\r\n　　来源：宁夏网');
INSERT INTO `sample` VALUES ('c00011', '18.txt', '【今日商报报道】 （通讯员　吕中　记者　赵文）据统计，“五一”黄金周期间，全省共接待游客992.49万人次，比2005年同期增长19.4%；实现旅游总收入70.93亿元，同比增长24.1%。\r\n　　与以往“五一”黄金周相比，我省旅游市场呈现了以下特点：一是假日旅游协调机制有效发挥。经过前16个黄金周的考验，我省已经形成了一套较为完善的信息反馈和预警机制，假日旅游协调机制更加完善。领导重视程度高。随着我省投诉网络的不断完善和投诉渠道的不断增多，游客维权意识的进一步提高，今年“五一”黄金周7天全省共收到游客投诉81起，同比增长了一倍，其中投诉旅行社23起，占投诉总量的28.4%，所占比例同比下降16.7%。目前各类投诉达成处理意见的100%，协商处理完毕95%。\r\n　　二是城市旅游服务功能日益完善。随着“城市即旅游，旅游即城市”理念的进一步深入推广，我省各市加紧建设景区间道路，加快完善旅游标识，相继建立旅游集散中心、咨询中心等，城市旅游服务设施更加完善，并在“五一”黄金周期间充分显现，游客满意率进一步提高。南京在地铁、内外秦淮河整治和新火车站等诸多城市配套工程相继完成基础上，充分发挥旅游集散中心的功能，将绿博园、奥体中心等一批新景点包装策划，受到市场的欢迎。\r\n　　三是乡村旅游备受青睐。农业旅游正作为提高农民收入、提升农民素质、改善农村面貌的一项新的旅游产品，不断受到市场的青睐。南京根据对监测点的测算，节日前4天共有30万市民和游客体验了乡村休闲旅游活动，其中溧水傅家边农业科技观光园、江心洲景区、浦口帅旗农庄和迎湖桃园等全国农业旅游示范点接待量均较平时有了显著的增长，其中傅家边每天接待团队游客数千人，江心洲节日七天吸引了4万游客上岛，每天接待游客同比增长30%。\r\n　　四是旅游活动丰富多彩。主要体现在：旅游节庆好戏连台。南京各大公园开展了各类主题活动，如玄武湖[图库]的《梦想中国》江苏选拔赛、夫子庙祭孔乐舞表演、明孝陵《大明华章》文化展演等，都吸引了不少游客参与。据对纳入统计范围的229个旅游区（点）的统计，节日期间共接待海内外旅游者1914.5万人次，同比增长22.8%；实现门票收入2.08亿元，同比增长24.3%。\r\n　　五是休闲旅游将成为主流。主要表现在：自驾车游增长迅速。南京对夫子庙、中山陵[图库]等主要景点的自驾车游客进行了统计，这部分游客占到了13%以上。据对全省旅行社的统计，全省旅行社共接待游客41.28万人次，同比增长37%，其中本省游客24.68万人次，占59.8%；组团22.83万人次，同比增长28.9%；组织公民出境游6935人次，增长27.3%。\r\n　　六是旅游拉动消费作用明显。“五一”旅游的火爆为住宿、餐饮、购物和交通等相关行业带来了商机。节日餐饮和旅游购物也是红红火火。南京、苏州、无锡、常州、镇江、扬州、徐州、连云港[图库]八市39家纳入“五一”黄金周监测的商业企业，共实现销售零售额7.12亿元，同比增长30.9%。');
INSERT INTO `sample` VALUES ('c00011', '19.txt', '中广网5月9日广州图库消息（记者何伟奇 通讯员仇文确）据广东肇庆图库旅游部门统计，“五一”黄金周到肇庆各地主要旅游景区的游客人数达106万人次，与去年同期相比增长16%，其中城市接待旅游者人数为55.95万人次，同比增长10.2%，旅游收入2.09亿元，同比增长12.4%。\r\n　　 \r\n\r\n\r\n\r\n\r\n\r\n\r\n　　　“五一”黄金周肇庆鼎湖山举行“山泉泼水节”\r\n　　“五一”黄金周期间，七星岩图库推出的“十里走单骑”自行车环湖游、鼎湖山“山泉泼水节”、德庆醇正岭面古迹游、封开萝筐节、梦多奇溶洞、怀集燕峰峡温泉漂流、广宁竹海美食、四会造纸村访古、高要生态园寻梦等活动让游客感受到肇庆千里旅游走廊旅游“天天有新意、日日景不同”的休闲旅游新体验。\r\n　　\r\n\r\n　　　　肇庆千里旅游走廊如诗如画\r\n　　今年肇庆市不断完善旅游配套设施建设，在千里旅游走廊上新增设了多个一目了然的景区指引牌，为自驾车旅游人士提供了清晰的指引。此外还加强了旅游安全生产管理和规范旅游服务质量管理，推出了旅游志愿者服务，为到达景区的游客免费提供方便指引，受到众多中外旅游者的欢迎。\r\n　　来源：中国广播网');

-- ----------------------------
-- Table structure for stopword
-- ----------------------------
DROP TABLE IF EXISTS `stopword`;
CREATE TABLE `stopword` (
  `Word` varchar(255) DEFAULT NULL
) ENGINE=InnoDB DEFAULT CHARSET=utf8;

-- ----------------------------
-- Records of stopword
-- ----------------------------
INSERT INTO `stopword` VALUES ('的');
INSERT INTO `stopword` VALUES ('我们');
INSERT INTO `stopword` VALUES ('要');
INSERT INTO `stopword` VALUES ('自己');
INSERT INTO `stopword` VALUES ('之');
INSERT INTO `stopword` VALUES ('将');
INSERT INTO `stopword` VALUES ('“');
INSERT INTO `stopword` VALUES ('”');
INSERT INTO `stopword` VALUES ('，');
INSERT INTO `stopword` VALUES ('（');
INSERT INTO `stopword` VALUES ('）');
INSERT INTO `stopword` VALUES ('后');
INSERT INTO `stopword` VALUES ('应');
INSERT INTO `stopword` VALUES ('到');
INSERT INTO `stopword` VALUES ('某');
INSERT INTO `stopword` VALUES ('后');
INSERT INTO `stopword` VALUES ('个');
INSERT INTO `stopword` VALUES ('是');
INSERT INTO `stopword` VALUES ('位');
INSERT INTO `stopword` VALUES ('新');
INSERT INTO `stopword` VALUES ('一');
INSERT INTO `stopword` VALUES ('两');
INSERT INTO `stopword` VALUES ('在');
INSERT INTO `stopword` VALUES ('中');
INSERT INTO `stopword` VALUES ('或');
INSERT INTO `stopword` VALUES ('有');
INSERT INTO `stopword` VALUES ('更');
INSERT INTO `stopword` VALUES ('好');
